min E,p/e,len E,,
5.42665676,0.537943708,19,"(500, 400)",267.8604218
,,,,
7.92426988,0.726297171,8,"(500, 500)",557.32579
,,,,
5.231376774,0.550982506,18,"(500, 400)",231.6534594
,,,,
7.017224097,0.706294634,7,"(500, 500)",4199.687343
,,,,
5.491166662,0.417402001,31,"(300, 500)",155.9506681
,,,,
4.066010015,0.54242526,19,"(500, 400)",240.4825466
,,,,
4.303919447,0.414407955,31,"(300, 500)",156.4811925
,,,,
4.347282999,0.581106421,11,"(500, 600)",4486.911544
,,,,
4.685100682,0.556487221,16,"(500, 400)",505.7782791
,,,,
4.104119215,0.706959049,8,"(500, 500)",4155.021648
,,,,
6.785430027,0.397974683,32,"(300, 500)",2070.324153
,,,,
3.999817184,0.568564387,11,"(500, 600)",4254.144132
,,,,
3.197497998,0.45141653,20,"(500, 400)",17.34531063
,,,,
3.179113008,0.582175354,8,"(500, 500)",5.660224407
,,,,
6.232809514,0.517024754,21,"(500, 400)",420.5497799
,,,,
4.583499735,0.24899801,53,"(300, 300)",436.8327379
,,,,
6.078998312,0.541020833,19,"(500, 400)",466.329432
,,,,
5.162803739,0.697558971,8,"(500, 500)",283.321668
,,,,
5.539602017,0.528368916,19,"(500, 400)",2684.614026
,,,,
4.531906612,0.249243192,56,"(300, 300)",3.189729494
,,,,
4.518888631,0.545300307,19,"(500, 400)",145.6744783
,,,,
4.489656032,0.254431856,55,"(300, 300)",5.916627705
,,,,
4.47575027,0.530629725,22,"(500, 400)",88.0779596
,,,,
4.452862932,0.238798091,56,"(300, 300)",6.883363025
,,,,
3.977368633,0.568501702,20,"(500, 400)",3772.021918
,,,,
3.999718752,0.248313555,56,"(300, 300)",1956.685275
,,,,
4.357414811,0.538546839,15,"(500, 600)",6514.061214
,,,,
3.731965599,0.45141653,19,"(500, 400)",2055.586185
,,,,
3.461497162,0.254431856,53,"(300, 300)",2260.009921
,,,,
3.171746566,0.805472187,5,"(500, 500)",2540.185727
,,,,
3.076765524,0.347768794,20,"(500, 400)",379.0580915
,,,,
3.028149019,0.10164713,81,"(800, 800)",2117.053986
,,,,
4.66764004,0.437265037,32,"(300, 500)",310.2111698
,,,,
4.586067518,0.553392906,12,"(500, 600)",16934.61325
,,,,
4.530379292,0.214315678,52,"(300, 700)",229.3803219
,,,,
4.045715156,0.141402427,64,"(200, 700)",800.0076439
,,,,
4.633571446,0.496892513,20,"(500, 400)",467.3379477
,,,,
7.466658006,0.739106765,8,"(500, 500)",7916.173432
,,,,
4.285692839,0.546164563,19,"(500, 400)",21.6559495
,,,,
6.081274163,0.717694161,8,"(500, 500)",8615.292753
,,,,
4.442307489,0.202222986,54,"(800, 500)",10.39555256
,,,,
4.299041675,0.194731065,58,"(800, 400)",2189.163209
,,,,
5.680823297,0.43006135,31,"(300, 500)",385.7284313
,,,,
4.427258126,0.552797427,19,"(500, 400)",240.1097731
,,,,
4.225687971,0.431476225,31,"(300, 500)",1698.432202
,,,,
4.007580199,0.518630452,19,"(500, 400)",511.7380151
,,,,
5.021712176,0.751320433,7,"(500, 500)",9850.453743
,,,,
4.498043106,0.24946952,56,"(300, 300)",5.936368466
,,,,
4.473030947,0.445562861,32,"(300, 500)",1565.260735
,,,,
3.999835613,0.551517585,19,"(500, 400)",9548.678632
,,,,
4.031784478,0.709628312,8,"(500, 500)",6158.13877
,,,,
3.107794506,0.251525908,54,"(300, 300)",319.8113332
,,,,
3.021391018,0.458444835,31,"(300, 500)",721.0419679
,,,,
2.908989463,0.464772061,22,"(500, 400)",9462.619588
,,,,
2.931263432,0.186783633,52,"(700, 700)",177.6475391
,,,,
3.046651795,0.147082941,63,"(200, 700)",23.37354342
,,,,
2.960074432,0.665235238,7,"(500, 500)",10767.66826
,,,,
3.033259094,0.143706135,64,"(200, 700)",23.13739481
,,,,
4.449712599,0.205602932,54,"(300, 700)",258.6693495
,,,,
4.035028616,0.186881536,46,"(700, 700)",8.879808473
,,,,
4.009700486,0.125461891,64,"(700, 800)",6.20959146
,,,,
4.002617311,0.18931171,48,"(700, 700)",1.865882497
,,,,
3.996878363,0.125461891,64,"(700, 800)",4.070046327
,,,,
3.990108847,0.18985331,51,"(700, 700)",1.355010209
,,,,
3.983964051,0.125820823,66,"(700, 800)",3.405130573
,,,,
6.423409361,0.193395825,47,"(700, 700)",3513.935637
,,,,
4.646276097,0.198472078,58,"(300, 700)",1258.932182
,,,,
5.555363538,0.510585298,24,"(500, 400)",451.2677805
,,,,
4.998122175,0.725282151,8,"(500, 500)",282.9177934
,,,,
4.536240432,0.545693401,19,"(500, 400)",5500.514211
,,,,
5.02237647,0.583481641,14,"(500, 600)",32.74322188
,,,,
4.999071994,0.665235238,9,"(500, 500)",2047.798023
,,,,
4.704799987,0.575402705,12,"(500, 600)",108.7289788
,,,,
4.085879236,0.717924691,8,"(500, 500)",1490.978357
,,,,
4.629411403,0.248373955,55,"(300, 300)",7.951659648
,,,,
3.981200116,0.51884669,19,"(500, 400)",3767.783578
,,,,
4.183749171,0.565313405,11,"(500, 600)",100.0176666
,,,,
4.197018736,0.249295601,55,"(300, 300)",5.05716817
,,,,
3.991762132,0.497091,23,"(500, 400)",1656.036996
,,,,
3.999875799,0.5730413,11,"(500, 600)",22.35677309
,,,,
3.991279662,0.247443715,55,"(300, 300)",2079.950081
,,,,
7.564818782,0.558438913,11,"(500, 600)",1354.040559
,,,,
3.665366555,0.240829181,55,"(300, 300)",3931.389601
,,,,
3.202742913,0.596407356,21,"(500, 400)",182.3074476
,,,,
3.159589356,0.389232821,32,"(300, 500)",984.6526459
,,,,
3.043442885,0.600255146,18,"(500, 400)",153.9170086
,,,,
3.022495105,0.795293191,8,"(500, 500)",27.75677649
,,,,
4.006383301,0.095799887,81,"(800, 800)",1.91733052
,,,,
3.000668885,0.485492404,20,"(500, 400)",72.91761085
,,,,
4.045149221,0.100589881,83,"(800, 800)",13.15522836
,,,,
3.007865894,0.581497172,23,"(500, 400)",67.11771973
,,,,
4.022867459,0.098416734,80,"(800, 800)",11.63528309
,,,,
3.003910836,0.347768794,18,"(500, 400)",15465.53869
,,,,
9.047476026,0.560182712,12,"(500, 600)",16072.72248
,,,,
1.641013625,0.245185422,17,"(500, 400)",27197.52366
,,,,
3.956747873,0.094995754,83,"(800, 800)",681.4578871
,,,,
3.050265721,0.347768794,26,"(500, 400)",106.229035
,,,,
3.715234097,0.097073426,84,"(800, 800)",3565.364491
,,,,
2.983913026,0.494237832,18,"(500, 400)",57.62686495
,,,,
4.032185782,0.594200537,15,"(500, 600)",4786.509248
,,,,
3.325655529,0.507689108,21,"(500, 400)",449.9161971
,,,,
3.961172413,0.509614079,13,"(500, 600)",4766.573189
,,,,
3.630624785,0.508405066,17,"(500, 400)",451.972668
,,,,
4.160373156,0.730931912,4,"(500, 500)",20183.61547
,,,,
4.663626831,0.250571954,51,"(300, 300)",1164.763196
,,,,
8.462046312,0.144981599,63,"(200, 700)",254.6055588
,,,,
7.943034152,0.20251408,55,"(300, 700)",209.4981294
,,,,
4.236859084,0.535224561,19,"(500, 400)",249.4083855
,,,,
4.041318293,0.203950954,58,"(300, 700)",4.473902701
,,,,
3.991033031,0.574778369,20,"(500, 400)",32.37939393
,,,,
3.96727695,0.674108214,8,"(500, 500)",16.64587832
,,,,
3.961350953,0.585820044,21,"(500, 400)",11.49293215
,,,,
3.954223029,0.769803927,8,"(500, 500)",11.42851694
,,,,
4.001891983,0.171350444,55,"(300, 700)",622.2737654
,,,,
5.169920113,0.741994621,8,"(500, 500)",589.4239788
,,,,
4.755337169,0.547270174,20,"(500, 400)",232.4354707
,,,,
4.895750926,0.716679359,8,"(500, 500)",5552.135335
,,,,
3.99986021,0.541727339,19,"(500, 400)",13891.55888
,,,,
4.526988593,0.827635524,10,"(500, 500)",1895.664625
,,,,
6.618992831,0.452325269,31,"(300, 500)",2642.847427
,,,,
4.410386903,0.543385541,19,"(500, 400)",240.3912621
,,,,
4.281053048,0.713914596,8,"(500, 500)",302.6082455
,,,,
4.162345752,0.546239038,19,"(500, 400)",231.984254
,,,,
4.335232498,0.571544307,11,"(500, 600)",99.92138481
,,,,
4.044191444,0.564981666,17,"(500, 400)",239.45629
,,,,
4.742839701,0.575158261,11,"(500, 600)",98.40432625
,,,,
4.544234319,0.566572924,17,"(500, 400)",91.60089707
,,,,
4.984731105,0.554314593,15,"(500, 600)",13875.72575
,,,,
4.123737329,0.620097263,16,"(500, 400)",519.8435399
,,,,
4.030746727,0.25014612,56,"(300, 300)",3.209801296
,,,,
3.986605716,0.688127219,13,"(500, 600)",322.4051895
,,,,
4.000901217,0.238798091,55,"(300, 300)",23.07442815
,,,,
4.011239753,0.539090686,18,"(500, 400)",247.6680061
,,,,
3.993677852,0.252165923,51,"(300, 300)",1889.667469
,,,,
3.917342077,0.502177241,20,"(500, 400)",270.3866737
,,,,
3.896729253,0.244996806,58,"(300, 300)",1042.928657
,,,,
3.854023556,0.361234169,17,"(500, 400)",2.15265836
,,,,
3.846703956,0.739980016,10,"(500, 500)",270.6302835
,,,,
3.843671877,0.361234169,18,"(500, 400)",3927.875154
,,,,
4.13886201,0.205318012,55,"(300, 700)",470.3905856
,,,,
3.997995146,0.662955806,6,"(500, 500)",1080.257126
,,,,
3.982035256,0.481645558,19,"(500, 400)",54.5136298
,,,,
4.000607551,0.150856159,64,"(200, 700)",5844.123489
,,,,
4.258993665,0.099456437,77,"(800, 800)",1235.488469
,,,,
4.79186325,0.608036231,18,"(500, 400)",6367.548673
,,,,
3.076321539,0.580355627,15,"(500, 600)",82.48928788
,,,,
3.985333477,0.416244446,30,"(300, 500)",151.0158918
,,,,
8.037691313,0.564937087,12,"(500, 600)",3491.812084
,,,,
5.137625756,0.425519406,31,"(300, 500)",156.5172316
,,,,
5.91953739,0.570285512,11,"(500, 600)",2170.306525
,,,,
4.659663248,0.41831973,31,"(300, 500)",119.7662399
,,,,
4.039597582,0.551652715,19,"(500, 400)",241.246562
,,,,
4.420150341,0.423802497,31,"(300, 500)",156.231988
,,,,
4.581396234,0.536207499,19,"(500, 400)",240.3437157
,,,,
3.99993934,0.419737808,31,"(300, 500)",179.1571706
,,,,
4.585910965,0.550845362,21,"(500, 400)",319.5764756
,,,,
3.999983235,0.421943581,31,"(300, 500)",1303.562775
,,,,
4.273883587,0.588160188,17,"(500, 400)",264.0118164
,,,,
4.234909943,0.191683924,56,"(800, 400)",1650.660227
,,,,
4.154928057,0.535402008,22,"(500, 400)",439.8580771
,,,,
4.311788267,0.19078293,48,"(700, 700)",1196.990178
,,,,
5.969103603,0.750286265,5,"(500, 500)",524.1930445
,,,,
4.939753357,0.544717104,19,"(500, 400)",232.2246765
,,,,
5.389996115,0.725402666,8,"(500, 500)",284.2114315
,,,,
4.510176265,0.529293367,19,"(500, 400)",231.5623724
,,,,
4.346848134,0.552162187,12,"(500, 600)",229.2885054
,,,,
3.998981734,0.398138764,32,"(300, 500)",1241.500372
,,,,
4.106718962,0.593462521,15,"(500, 400)",481.3974236
,,,,
5.423153652,0.536264625,19,"(500, 400)",267.2598865
,,,,
7.91045968,0.728408455,8,"(500, 500)",557.5431418
,,,,
5.197489566,0.536724279,19,"(500, 400)",231.378724
,,,,
7.006801597,0.722745299,6,"(500, 500)",4158.851129
,,,,
5.563830475,0.419636597,31,"(300, 500)",156.0785046
,,,,
6.347285969,0.545123276,12,"(400, 500)",3826.552933
,,,,
4.069460758,0.539021029,19,"(500, 400)",268.4593661
,,,,
4.99581951,0.57726293,9,"(500, 600)",106.5920983
,,,,
4.469032602,0.538280684,19,"(500, 400)",3250.185041
,,,,
4.994792792,0.610242249,10,"(500, 600)",137.9381943
,,,,
3.999974765,0.555846788,18,"(500, 400)",9897.155466
,,,,
4.816201061,0.648113575,13,"(500, 600)",7077.190525
,,,,
3.432692458,0.466313511,19,"(500, 400)",8124.092054
,,,,
3.786157167,0.485758666,11,"(500, 600)",13270.72862
,,,,
4.23636623,0.252809204,55,"(300, 300)",132.5587124
,,,,
4.586624297,0.494827414,19,"(500, 400)",4.071022081
,,,,
2.032270875,0.349883092,12,"(500, 600)",1002.493019
,,,,
1.822667856,0.561231556,19,"(500, 400)",136.5989379
,,,,
4.023526854,0.238224057,58,"(300, 300)",359.5792724
,,,,
4.480816967,0.574247895,19,"(500, 400)",3903.244999
,,,,
3.346654164,0.250571954,56,"(300, 300)",335.6990439
,,,,
4.372258745,0.51884669,21,"(500, 400)",477.0001011
,,,,
4.206825006,0.713328012,8,"(500, 500)",284.7283236
,,,,
4.056232072,0.53654366,19,"(500, 400)",231.9772127
,,,,
3.999962687,0.246345438,54,"(300, 300)",1722.232786
,,,,
3.762853911,0.57079477,19,"(500, 400)",227.7842581
,,,,
3.733305373,0.536981458,10,"(500, 500)",26.27422041
,,,,
3.728710268,0.40864237,25,"(500, 400)",9.631543778
,,,,
3.724160126,0.805472187,5,"(500, 500)",11.07136427
,,,,
3.719639657,0.270915869,19,"(500, 400)",2562.153041
,,,,
4.852722037,0.852099944,6,"(500, 500)",30124.30929
,,,,
3.046155287,0.612963556,17,"(500, 400)",9589.222163
,,,,
2.195144315,0.797914014,5,"(500, 500)",12725.82871
,,,,
2.19977676,0.102891555,80,"(800, 800)",283.8519004
,,,,
2.976966115,0.136784212,61,"(200, 700)",217.3435173
,,,,
2.930170339,0.25874989,56,"(300, 300)",923.4397725
,,,,
2.926206338,0.423074257,17,"(500, 400)",11168.74017
,,,,
1.659948785,0.093136723,81,"(800, 800)",297.8777376
,,,,
3.034381145,0.142152666,64,"(200, 700)",313.0009475
,,,,
2.977255445,0.246827417,52,"(300, 300)",3943.070206
,,,,
2.696007669,0.616155944,19,"(500, 400)",745.5423111
,,,,
7.758346912,0.558969469,16,"(500, 600)",10804.38596
,,,,
3.457591768,0.604152906,18,"(500, 400)",8889.684822
,,,,
2.201953358,0.137203211,65,"(200, 700)",4945.457399
,,,,
4.877856725,0.588857896,19,"(500, 400)",403.4785025
,,,,
4.802983974,0.09691982,80,"(800, 800)",349.9837652
,,,,
2.98116602,0.142971498,64,"(200, 700)",926.2060221
,,,,
2.853739645,0.40864237,19,"(500, 400)",257.1254871
,,,,
6.433804448,0.766719783,2,"(500, 500)",180769.0219
,,,,
5.808131511,0.094192714,81,"(800, 800)",166.0321321
,,,,
5.598643411,0.070833267,94,"(800, 900)",1.3826794
,,,,
5.582598611,0.093571337,78,"(800, 800)",1.423960541
,,,,
5.567218371,0.069742627,99,"(800, 900)",3.309431195
,,,,
5.550017142,0.093571337,85,"(800, 800)",2.386860189
,,,,
5.533201245,0.07103232,95,"(800, 900)",2.463591455
,,,,
5.51411075,0.095301674,83,"(800, 800)",2.124093474
,,,,
5.497039493,0.070506734,95,"(800, 900)",4.335387049
,,,,
5.478577049,0.094596513,79,"(800, 800)",1.802108853
,,,,
5.462612249,0.073865892,96,"(800, 900)",2.289056927
,,,,
5.445333914,0.099103383,83,"(800, 800)",1.209597154
,,,,
5.429369114,0.073865892,95,"(800, 900)",3.900236073
,,,,
5.410851085,0.099393837,81,"(800, 800)",2.319733297
,,,,
5.396607268,0.07408238,95,"(800, 900)",2.719312789
,,,,
5.380907253,0.09995219,81,"(800, 800)",1.865276835
,,,,
5.363834853,0.074498543,95,"(800, 900)",4.992241584
,,,,
5.345701609,0.096675522,75,"(800, 800)",1.578217191
,,,,
5.330730569,0.072056306,97,"(800, 900)",4.529766959
,,,,
5.311945084,0.100156243,82,"(800, 800)",1.313316674
,,,,
5.296684844,0.074650633,89,"(800, 900)",2.616981938
,,,,
5.281166349,0.100156243,77,"(800, 800)",2.238635598
,,,,
5.264719653,0.074281454,89,"(800, 900)",2.276433893
,,,,
5.248878118,0.099660928,82,"(800, 800)",1.717381784
,,,,
5.233947078,0.073169195,95,"(800, 900)",2.665733948
,,,,
5.217077943,0.098168648,78,"(800, 800)",3.318651015
,,,,
5.199915509,0.072110111,94,"(800, 900)",3.292196698
,,,,
5.18232356,0.096747711,85,"(800, 800)",2.2172678
,,,,
5.165507663,0.072110111,96,"(800, 900)",0.910063793
,,,,
5.149629023,0.098501616,85,"(800, 800)",3.063506053
,,,,
5.13284811,0.07341737,93,"(800, 900)",1.32269553
,,,,
5.11701867,0.096102793,83,"(800, 800)",1.44543776
,,,,
5.10174611,0.071629427,96,"(800, 900)",5.28304206
,,,,
5.08187477,0.097235937,82,"(800, 800)",1.308305433
,,,,
5.06708525,0.072474007,95,"(800, 900)",1.678416386
,,,,
5.05173885,0.097235937,82,"(800, 800)",2.500074332
,,,,
5.036648954,0.07376318,95,"(800, 900)",3.240739162
,,,,
5.021118364,0.098965577,83,"(800, 800)",1.486876246
,,,,
5.006335004,0.072512379,96,"(800, 900)",4.287293028
,,,,
4.989014,0.09728742,83,"(800, 800)",0.701772952
,,,,
4.97345224,0.076021055,96,"(800, 900)",2.372659715
,,,,
4.957826065,0.101994892,77,"(800, 800)",2.326352966
,,,,
4.942219288,0.076021055,90,"(800, 900)",1.469097662
,,,,
4.927395928,0.098585211,77,"(800, 800)",2.557488695
,,,,
4.912318351,0.073479677,94,"(800, 900)",3.368557423
,,,,
4.893908002,0.097379756,80,"(800, 800)",2.372713499
,,,,
4.876870585,0.072581201,94,"(800, 900)",1.887277131
,,,,
4.862093385,0.094384043,77,"(800, 800)",3.859243834
,,,,
4.845795511,0.070348371,94,"(800, 900)",2.984747578
,,,,
4.828631016,0.094384043,82,"(800, 800)",3.417272373
,,,,
4.810776343,0.072996891,94,"(800, 900)",0.951386574
,,,,
4.795752983,0.097937473,81,"(800, 800)",1.086441046
,,,,
4.780901943,0.071682596,92,"(800, 900)",3.873036471
,,,,
4.763054633,0.096174128,84,"(800, 800)",2.039537892
,,,,
4.746143377,0.07011134,96,"(800, 900)",2.182844345
,,,,
4.729972642,0.094066026,76,"(800, 800)",2.914602176
,,,,
4.713298265,0.07011134,92,"(800, 900)",2.448080228
,,,,
4.69580457,0.095785819,76,"(800, 800)",1.891760723
,,,,
4.68079969,0.071393173,97,"(800, 900)",3.204904144
,,,,
4.665376781,0.09718451,83,"(800, 800)",2.286002193
,,,,
4.648293204,0.072435676,97,"(800, 900)",1.938066239
,,,,
4.632402244,0.101632816,83,"(800, 800)",4.642133005
,,,,
4.616087033,0.075751185,98,"(800, 900)",2.171454209
,,,,
4.599882459,0.101632816,82,"(800, 800)",1.006313658
,,,,
4.585172939,0.073252088,98,"(800, 900)",2.912509547
,,,,
4.569888284,0.098279862,76,"(800, 800)",2.125969751
,,,,
4.553623107,0.0733159,95,"(800, 900)",3.693657893
,,,,
4.536258837,0.098365477,82,"(800, 800)",3.405569918
,,,,
4.519290244,0.073136515,96,"(800, 900)",0.700453287
,,,,
4.504433044,0.098124801,79,"(800, 800)",2.299390913
,,,,
4.490450747,0.073136515,94,"(800, 900)",1.996491159
,,,,
4.474821307,0.098459872,79,"(800, 800)",2.078975227
,,,,
4.45793157,0.073386256,95,"(800, 900)",4.233384488
,,,,
4.438838406,0.09571279,77,"(800, 800)",0.865311314
,,,,
4.423719686,0.071338742,90,"(800, 900)",1.594908268
,,,,
4.409164006,0.09571279,78,"(800, 800)",3.932486903
,,,,
4.392161572,0.073922435,97,"(800, 900)",2.289382777
,,,,
4.374990918,0.099179245,78,"(800, 800)",2.375443854
,,,,
4.360270221,0.071718426,97,"(800, 900)",3.528841483
,,,,
4.343081311,0.096222199,83,"(800, 800)",2.323029657
,,,,
4.326923814,0.070767719,94,"(800, 900)",2.27357769
,,,,
4.31108228,0.094946668,79,"(800, 800)",1.811039305
,,,,
4.2959574,0.072843357,96,"(800, 900)",3.156781589
,,,,
4.27990993,0.097731482,79,"(800, 800)",1.477291767
,,,,
4.26489889,0.072843357,95,"(800, 900)",3.408322646
,,,,
4.24804534,0.094259041,79,"(800, 800)",3.164660454
,,,,
4.231673627,0.070255202,98,"(800, 900)",2.185730429
,,,,
4.215696732,0.097011459,83,"(800, 800)",1.602257187
,,,,
4.201174892,0.072306694,95,"(800, 900)",4.240321362
,,,,
4.183927728,0.097257461,82,"(800, 800)",1.946751663
,,,,
4.169304368,0.072490049,95,"(800, 900)",3.034945475
,,,,
4.150604818,0.097257461,79,"(800, 800)",1.632567226
,,,,
4.134861538,0.075355612,94,"(800, 900)",4.6309393
,,,,
4.118494294,0.101102089,79,"(800, 800)",0.668665842
,,,,
4.102972534,0.073700391,94,"(800, 900)",1.522574626
,,,,
4.086343174,0.098881336,81,"(800, 800)",2.690549495
,,,,
4.068708877,0.07159981,96,"(800, 900)",3.280909075
,,,,
4.052639887,0.096063056,84,"(800, 800)",2.156478728
,,,,
4.036267031,0.07159981,98,"(800, 900)",1.975549338
,,,,
4.021068311,0.096012862,79,"(800, 800)",3.024667849
,,,,
4.004065877,0.071562397,93,"(800, 900)",2.073476572
,,,,
3.986996742,0.095437568,79,"(800, 800)",3.608562629
,,,,
3.969431269,0.071133607,93,"(800, 900)",0.435163246
,,,,
3.953989509,0.093666734,80,"(800, 800)",1.966948317
,,,,
3.938535429,0.06981373,95,"(800, 900)",3.540069387
,,,,
2.993474788,0.418899922,31,"(300, 500)",24.59855549
,,,,
5.341834039,0.690210221,10,"(400, 500)",2483.822686
,,,,
5.052099108,0.096384171,78,"(800, 800)",61.92805702
,,,,
4.985278013,0.072672582,96,"(800, 900)",5.809114956
,,,,
4.975884026,0.097502359,85,"(800, 800)",2.865410581
,,,,
4.966455641,0.073629432,96,"(800, 900)",2.577367938
,,,,
4.958015845,0.098786132,77,"(800, 800)",3.957373804
,,,,
4.947875075,0.073629432,94,"(800, 900)",3.702837019
,,,,
4.939799581,0.099983832,83,"(800, 800)",0.752754334
,,,,
4.931381981,0.074522128,91,"(800, 900)",2.615904136
,,,,
4.922864885,0.100903232,83,"(800, 800)",3.408969634
,,,,
4.912065715,0.075207395,92,"(800, 900)",2.277115215
,,,,
4.903972418,0.096554988,74,"(800, 800)",0.920723628
,,,,
4.894240718,0.071966467,95,"(800, 900)",2.759140952
,,,,
4.884452221,0.096554988,80,"(800, 800)",3.133770482
,,,,
4.875934751,0.071407047,95,"(800, 900)",0.704453897
,,,,
4.868522051,0.095804432,85,"(800, 800)",2.570454009
,,,,
4.860173166,0.075018646,97,"(800, 900)",1.349680561
,,,,
4.851062566,0.100649994,83,"(800, 800)",3.025975244
,,,,
4.840999097,0.073907567,97,"(800, 900)",2.005083413
,,,,
4.8316344,0.099159297,82,"(800, 800)",1.799382073
,,,,
4.8227903,0.073907567,95,"(800, 900)",3.405144493
,,,,
4.811625506,0.095675642,82,"(800, 800)",1.954435515
,,,,
4.801701906,0.071311054,99,"(800, 900)",2.971330279
,,,,
4.79156151,0.092715908,79,"(800, 800)",3.118666366
,,,,
4.78226834,0.06910504,94,"(800, 900)",1.995560821
,,,,
4.77396534,0.101902846,80,"(800, 800)",3.522406431
,,,,
4.76587167,0.075952449,94,"(800, 900)",3.537262383
,,,,
4.755165277,0.101902846,77,"(800, 800)",2.035034835
,,,,
4.746197992,0.074409129,94,"(800, 900)",3.384350367
,,,,
4.737847898,0.099832225,80,"(800, 800)",0.961246811
,,,,
4.729392998,0.07528143,95,"(800, 900)",2.466600082
,,,,
4.719913701,0.101002563,80,"(800, 800)",1.885412584
,,,,
4.710803101,0.073379824,93,"(800, 900)",3.70669587
,,,,
4.700176708,0.098451241,78,"(800, 800)",3.471345516
,,,,
4.690115938,0.073379824,95,"(800, 900)",1.108086243
,,,,
4.680195038,0.102060812,78,"(800, 800)",2.043720331
,,,,
4.670412053,0.076070188,95,"(800, 900)",2.544497789
,,,,
4.660077056,0.096445339,81,"(800, 800)",1.921658659
,,,,
4.650190756,0.071884741,93,"(800, 900)",3.392679138
,,,,
4.640417363,0.096970968,76,"(800, 800)",2.735687504
,,,,
4.630871678,0.072276514,95,"(800, 900)",1.637028402
,,,,
4.623920078,0.096970968,81,"(800, 800)",4.040701418
,,,,
4.613730723,0.075057889,95,"(800, 900)",1.505190005
,,,,
4.603812523,0.100702645,81,"(800, 800)",2.303038744
,,,,
4.593637638,0.073842722,95,"(800, 900)",2.939533479
,,,,
4.585312442,0.099072296,80,"(800, 800)",2.113679368
,,,,
4.577227357,0.075669383,97,"(800, 900)",2.440851154
,,,,
4.56723886,0.101523065,79,"(800, 800)",1.802043357
,,,,
4.55816556,0.075669383,94,"(800, 900)",3.393870885
,,,,
4.548621367,0.098839269,83,"(800, 800)",3.374594359
,,,,
4.539024397,0.073669037,98,"(800, 900)",2.445394958
,,,,
4.5300062,0.096554988,83,"(800, 800)",0.942933899
,,,,
4.5212794,0.071966467,93,"(800, 900)",2.884917896
,,,,
4.511874703,0.097844077,82,"(800, 800)",1.87966081
,,,,
4.503729003,0.072927279,95,"(800, 900)",4.454143949
,,,,
4.493429613,0.097844077,83,"(800, 800)",2.573396959
,,,,
4.483729328,0.073519122,96,"(800, 900)",1.747610792
,,,,
4.475815528,0.098638133,81,"(800, 800)",2.771575279
,,,,
4.468119643,0.071584159,96,"(800, 900)",3.591172383
,,,,
4.45826625,0.096042059,80,"(800, 800)",1.34057108
,,,,
4.44896105,0.075786245,95,"(800, 900)",3.344729759
,,,,
4.439611456,0.101679855,77,"(800, 800)",2.631970991
,,,,
4.430873371,0.075786245,93,"(800, 900)",2.094069905
,,,,
4.420970275,0.099328873,79,"(800, 800)",1.755938052
,,,,
4.412131575,0.07403396,92,"(800, 900)",2.617977517
,,,,
4.404115578,0.099746503,79,"(800, 800)",2.333211922
,,,,
4.393911493,0.074345236,96,"(800, 900)",3.746897466
,,,,
4.383631599,0.097062704,79,"(800, 800)",1.885417526
,,,,
4.374320999,0.072344889,93,"(800, 900)",4.388922146
,,,,
4.363595109,0.097062704,81,"(800, 800)",2.100152356
,,,,
4.354121324,0.071518914,96,"(800, 900)",2.398392357
,,,,
4.345300428,0.095954521,81,"(800, 800)",1.473872644
,,,,
4.336579028,0.075412569,96,"(800, 900)",4.140986305
,,,,
4.325392037,0.101178508,77,"(800, 800)",0.935749503
,,,,
4.317432837,0.070333263,95,"(800, 900)",4.377915222
,,,,
4.306821547,0.094363773,77,"(800, 800)",0.667625269
,,,,
4.288769346,0.070333263,90,"(800, 900)",2.225121815
,,,,
4.256195839,0.104191529,78,"(800, 800)",0.847669731
,,,,
4.229254159,0.0776583,94,"(800, 900)",2.741621007
,,,,
4.198288279,0.098396123,78,"(800, 800)",2.104081338
,,,,
4.167304192,0.073338741,94,"(800, 900)",4.036148926
,,,,
4.132191714,0.099703697,80,"(800, 800)",2.033788726
,,,,
4.098986911,0.074313331,93,"(800, 900)",2.31221652
,,,,
4.066811584,0.099703697,82,"(800, 800)",1.665983045
,,,,
4.036104832,0.072344889,97,"(800, 900)",1.377815703
,,,,
4.003782088,0.097062704,83,"(800, 800)",2.948618327
,,,,
3.974239085,0.065194645,97,"(800, 900)",2.423506747
,,,,
3.942192121,0.085821607,76,"(800, 800)",3.568858644
,,,,
2.9969905,0.637967176,9,"(500, 500)",57.95571974
,,,,
2.976259647,0.581497172,21,"(500, 400)",14.17182983
,,,,
4.012509977,0.079075055,81,"(800, 800)",14.43024961
,,,,
4.685125014,0.610657739,21,"(500, 400)",304.0951211
,,,,
4.065960381,0.096909132,80,"(800, 800)",13.93387429
,,,,
4.017830262,0.072682401,94,"(800, 900)",3.103708424
,,,,
4.008056868,0.096403017,77,"(800, 800)",3.295571358
,,,,
3.997569598,0.064804492,93,"(800, 900)",2.990976407
,,,,
3.988935202,0.095231627,77,"(800, 800)",2.309626265
,,,,
2.994388974,0.223761946,56,"(300, 300)",1489.122836
,,,,
2.772430528,0.485492404,15,"(500, 400)",2587.598529
,,,,
3.513926259,0.097235937,82,"(800, 800)",118.8473707
,,,,
3.004976146,0.762155975,11,"(500, 500)",205.7040167
,,,,
4.018137036,0.096165894,82,"(800, 800)",5.70246668
,,,,
2.973510834,0.771718428,8,"(500, 500)",44.65599695
,,,,
3.99841487,0.095744075,81,"(800, 800)",9.916358757
,,,,
4.013011528,0.795293191,8,"(500, 500)",39551.52639
,,,,
4.701437664,0.101122826,79,"(800, 800)",42.90825282
,,,,
2.986572961,0.291567252,9,"(500, 500)",4585.360032
,,,,
5.463965937,0.097792004,83,"(800, 800)",70.62814269
,,,,
5.438272347,0.071920773,94,"(800, 900)",3.917017771
,,,,
5.431795636,0.097718249,80,"(800, 800)",2.612639398
,,,,
5.426035566,0.072833494,100,"(800, 900)",4.946150197
,,,,
5.419426766,0.097718249,85,"(800, 800)",1.042520636
,,,,
5.413914138,0.070856256,94,"(800, 900)",2.170460683
,,,,
5.408804907,0.095065455,81,"(800, 800)",2.496494542
,,,,
5.403871381,0.073914093,94,"(800, 900)",3.356858742
,,,,
5.883187683,0.099168052,82,"(800, 800)",1.405552257
,,,,
5.391097709,0.07263404,93,"(800, 900)",2.727595989
,,,,
5.384875297,0.097450649,81,"(800, 800)",3.099117999
,,,,
5.378416725,0.07263404,93,"(800, 900)",2.44562155
,,,,
5.371576617,0.094355845,76,"(800, 800)",1.761440037
,,,,
5.366515049,0.070327354,93,"(800, 900)",2.882760732
,,,,
5.360950334,0.098763927,76,"(800, 800)",2.815749282
,,,,
5.35502584,0.073612881,95,"(800, 900)",3.413498253
,,,,
5.34933346,0.098166262,81,"(800, 800)",2.308407041
,,,,
5.343120118,0.073167417,94,"(800, 900)",2.053469306
,,,,
5.337759826,0.100124491,83,"(800, 800)",2.078836166
,,,,
5.330768788,0.074626967,92,"(800, 900)",3.610936903
,,,,
5.323592169,0.100124491,78,"(800, 800)",1.235907077
,,,,
5.318075117,0.07217644,92,"(800, 900)",2.197165201
,,,,
5.312552613,0.096836702,82,"(800, 800)",3.550620159
,,,,
5.306636161,0.07472543,96,"(800, 900)",2.776670949
,,,,
5.684843251,0.100256596,77,"(800, 800)",2.248509567
,,,,
5.295473587,0.071958561,93,"(800, 900)",2.346934594
,,,,
5.289331176,0.09654438,84,"(800, 800)",2.29192581
,,,,
5.28258235,0.071958561,97,"(800, 900)",2.825095369
,,,,
5.27607109,0.096718083,77,"(800, 800)",2.748558813
,,,,
5.270437656,0.072088028,93,"(800, 900)",4.374036916
,,,,
5.264199916,0.096554988,77,"(800, 800)",0.700216435
,,,,
5.25967162,0.071966467,92,"(800, 900)",0.996907422
,,,,
5.254358992,0.097257461,81,"(800, 800)",2.50429516
,,,,
5.248558922,0.072490049,96,"(800, 900)",3.638745089
,,,,
5.243026543,0.097257461,81,"(800, 800)",2.312128685
,,,,
5.236817625,0.07130329,96,"(800, 900)",2.737035081
,,,,
5.229730881,0.095665226,81,"(800, 800)",2.602028018
,,,,
5.224264083,0.073206527,94,"(800, 900)",4.317728151
,,,,
5.21790192,0.098218735,77,"(800, 800)",0.087703576
,,,,
5.212342656,0.07269678,91,"(800, 900)",1.646613923
,,,,
5.207114452,0.097534824,79,"(800, 800)",2.303027602
,,,,
5.200407838,0.07269678,92,"(800, 900)",3.122128228
,,,,
5.193728914,0.099854914,79,"(800, 800)",1.822501346
,,,,
5.187805226,0.074426039,92,"(800, 900)",4.256175293
,,,,
5.182225183,0.101390149,80,"(800, 800)",1.070661378
,,,,
5.176174859,0.075570315,94,"(800, 900)",2.748174997
,,,,
5.170321295,0.096253818,79,"(800, 800)",2.246564776
,,,,
5.164150165,0.071741992,97,"(800, 900)",2.115253315
,,,,
5.158461025,0.096253818,84,"(800, 800)",3.256845229
,,,,
5.152089089,0.072230425,94,"(800, 900)",2.10653376
,,,,
5.146362162,0.096909132,78,"(800, 800)",2.859463769
,,,,
5.140111032,0.074400677,94,"(800, 900)",1.976411543
,,,,
5.133196376,0.099820885,82,"(800, 800)",3.631307813
,,,,
5.12641338,0.071258434,95,"(800, 900)",2.1064033
,,,,
5.1210953,0.095605044,77,"(800, 800)",2.301447404
,,,,
5.114266474,0.071258434,95,"(800, 900)",1.605446891
,,,,
5.10801615,0.098512658,81,"(800, 800)",4.330233282
,,,,
5.102881012,0.073425601,92,"(800, 900)",1.672543112
,,,,
5.0968329,0.098881336,81,"(800, 800)",1.848951755
,,,,
5.091073636,0.073700391,91,"(800, 900)",2.624589189
,,,,
5.084277952,0.096584516,80,"(800, 800)",1.983391426
,,,,
5.079054172,0.071988475,98,"(800, 900)",6.20638167
,,,,
5.072596681,0.096584516,87,"(800, 800)",1.031172756
,,,,
5.066464145,0.072034256,91,"(800, 900)",2.836405073
,,,,
5.059830673,0.096645939,81,"(800, 800)",2.269205255
,,,,
5.053872815,0.074749159,91,"(800, 900)",2.723220369
,,,,
5.047852616,0.100288432,77,"(800, 800)",2.26529962
,,,,
5.040694942,0.080110418,93,"(800, 900)",3.098243605
,,,,
5.033889382,0.107481454,79,"(800, 800)",1.850530367
,,,,
5.02829233,0.080110418,94,"(800, 900)",3.495157659
,,,,
5.021775619,0.098976724,75,"(800, 800)",1.62711323
,,,,
5.016594051,0.073771488,94,"(800, 900)",2.580737754
,,,,
5.010698275,0.095526424,75,"(800, 800)",3.420671043
,,,,
5.004570763,0.071199835,96,"(800, 900)",1.919308489
,,,,
4.997867167,0.095833503,83,"(800, 800)",1.550783493
,,,,
4.991034723,0.071428714,97,"(800, 900)",3.803894284
,,,,
4.984398011,0.098020113,84,"(800, 800)",2.239709185
,,,,
4.978271305,0.073058486,97,"(800, 900)",3.133509912
,,,,
4.971423534,0.098020113,84,"(800, 800)",2.145304297
,,,,
4.965541252,0.072080095,97,"(800, 900)",2.756090433
,,,,
4.959605476,0.096707439,79,"(800, 800)",1.888402713
,,,,
4.953268516,0.072088028,97,"(800, 900)",5.105111657
,,,,
4.947436385,0.096718083,83,"(800, 800)",0.129465731
,,,,
4.941717121,0.072474007,93,"(800, 900)",2.174890871
,,,,
4.935574709,0.097235937,79,"(800, 800)",1.638488565
,,,,
4.927323897,0.072474007,95,"(800, 900)",3.317847214
,,,,
4.916080234,0.095338532,79,"(800, 800)",1.311709537
,,,,
4.904651774,0.071059792,95,"(800, 900)",2.48193165
,,,,
4.892873321,0.097453,79,"(800, 800)",4.223319185
,,,,
4.879413936,0.072635793,93,"(800, 900)",1.142971692
,,,,
4.867838012,0.102411415,79,"(800, 800)",0.763630598
,,,,
4.85670448,0.076331507,91,"(800, 900)",4.095654826
,,,,
4.844226039,0.102411415,80,"(800, 800)",0.27686744
,,,,
4.831986527,0.069693909,91,"(800, 900)",2.444393707
,,,,
4.82079793,0.093505974,78,"(800, 800)",2.860099471
,,,,
4.808520454,0.074474974,96,"(800, 900)",2.039454312
,,,,
4.796742,0.099920567,83,"(800, 800)",2.087316605
,,,,
4.783063616,0.074474974,94,"(800, 900)",3.725095108
,,,,
4.769460529,0.094114206,79,"(800, 800)",1.154630782
,,,,
4.758179533,0.07014725,95,"(800, 900)",2.197111284
,,,,
4.746327348,0.096063056,79,"(800, 800)",3.086479806
,,,,
4.732021143,0.07159981,95,"(800, 900)",1.993881023
,,,,
4.720002827,0.099317647,82,"(800, 800)",3.182515148
,,,,
4.705696622,0.074025592,93,"(800, 900)",3.341359146
,,,,
4.692019803,0.098260275,83,"(800, 800)",1.117087142
,,,,
4.678821775,0.073237488,96,"(800, 900)",2.056581513
,,,,
4.666527198,0.098260275,82,"(800, 800)",1.974166759
,,,,
4.653255438,0.072765952,96,"(800, 900)",4.097472232
,,,,
4.639965946,0.097627631,83,"(800, 800)",2.333901206
,,,,
4.628794449,0.074880311,98,"(800, 900)",3.296838202
,,,,
4.617771982,0.100464394,80,"(800, 800)",1.352470326
,,,,
4.604573954,0.075445426,94,"(800, 900)",3.095996065
,,,,
4.592003115,0.10122259,78,"(800, 800)",1.587609139
,,,,
4.579763603,0.075445426,95,"(800, 900)",3.533493442
,,,,
4.567045301,0.09755648,79,"(800, 800)",2.893004719
,,,,
4.555505144,0.072712921,92,"(800, 900)",2.456757225
,,,,
4.542546979,0.100288432,79,"(800, 800)",2.509775729
,,,,
4.529532183,0.074749159,97,"(800, 900)",2.36884428
,,,,
4.517679997,0.097513178,79,"(800, 800)",3.520083392
,,,,
4.504922164,0.072680646,95,"(800, 900)",1.74209914
,,,,
4.493272508,0.097513178,77,"(800, 800)",2.999498755
,,,,
4.480626372,0.070790665,97,"(800, 900)",2.723418786
,,,,
4.467889403,0.094977454,80,"(800, 800)",1.642667763
,,,,
4.456682139,0.076096702,97,"(800, 900)",4.594298699
,,,,
4.443318914,0.102096385,83,"(800, 800)",1.560539527
,,,,
4.431816722,0.07186108,92,"(800, 900)",3.595746733
,,,,
4.418508563,0.096413594,87,"(800, 800)",1.982701905
,,,,
4.407080103,0.07186108,96,"(800, 900)",4.305721508
,,,,
4.392168507,0.095466416,83,"(800, 800)",2.615295624
,,,,
4.378858783,0.071155109,95,"(800, 900)",2.309669507
,,,,
4.366932865,0.095052935,83,"(800, 800)",2.499445221
,,,,
4.354212997,0.070846924,92,"(800, 900)",3.195054684
,,,,
4.340536178,0.099010179,79,"(800, 800)",0.677019429
,,,,
4.32807547,0.073796423,93,"(800, 900)",3.604441963
,,,,
4.316979271,0.102027842,77,"(800, 800)",1.102989834
,,,,
4.305034687,0.076045613,94,"(800, 900)",2.950248321
,,,,
4.291560398,0.102027842,78,"(800, 800)",2.724224591
,,,,
4.279946509,0.072290733,94,"(800, 900)",1.955382723
,,,,
4.267117141,0.096990045,77,"(800, 800)",3.398051139
,,,,
4.253105865,0.073231082,95,"(800, 900)",3.555912091
,,,,
4.23994517,0.098251679,77,"(800, 800)",1.676595485
,,,,
4.229106566,0.073788109,91,"(800, 900)",2.855409904
,,,,
4.21651706,0.098999025,80,"(800, 800)",3.507054389
,,,,
4.203685496,0.073788109,96,"(800, 900)",2.276828723
,,,,
4.19072733,0.096224492,85,"(800, 800)",1.794784708
,,,,
4.178119158,0.071720135,98,"(800, 900)",5.282647081
,,,,
4.164553405,0.100583379,85,"(800, 800)",0.834476455
,,,,
4.151650305,0.074968995,88,"(800, 900)",2.657662325
,,,,
4.139724387,0.095252271,72,"(800, 800)",2.437646196
,,,,
4.128036767,0.070995498,95,"(800, 900)",1.725033301
,,,,
4.115207399,0.095252271,80,"(800, 800)",2.243660787
,,,,
4.103077386,0.071059792,95,"(800, 900)",3.235526217
,,,,
4.09058028,0.095338532,87,"(800, 800)",2.530060142
,,,,
4.078302803,0.071192096,97,"(800, 900)",3.680600112
,,,,
4.065437036,0.095516041,78,"(800, 800)",2.132402833
,,,,
4.053380756,0.071346512,94,"(800, 900)",3.161412821
,,,,
4.039703937,0.095723216,80,"(800, 800)",1.499638877
,,,,
4.027980549,0.071346512,96,"(800, 900)",3.166117465
,,,,
4.013640142,0.098744146,81,"(800, 800)",1.471505382
,,,,
4.00287527,0.073598138,94,"(800, 900)",2.382555058
,,,,
3.988958589,0.096734743,81,"(800, 800)",2.268818018
,,,,
3.97660738,0.072100446,98,"(800, 900)",4.31253375
,,,,
3.000233316,0.805472187,7,"(500, 500)",14023.37367
,,,,
4.436986007,0.100115566,78,"(800, 800)",84.49434802
,,,,
4.27033536,0.068506097,98,"(800, 900)",14.02144447
,,,,
4.252882345,0.091912325,81,"(800, 800)",2.92223143
,,,,
4.241342188,0.074209371,96,"(800, 900)",2.619353795
,,,,
4.228973879,0.099564217,78,"(800, 800)",2.624947863
,,,,
4.217286259,0.074822294,96,"(800, 900)",3.414034629
,,,,
4.205600204,0.100386555,78,"(800, 800)",2.083180523
,,,,
4.193912583,0.073019534,93,"(800, 900)",2.159870963
,,,,
4.181912934,0.097967853,76,"(800, 800)",2.319195552
,,,,
4.169193066,0.074603316,93,"(800, 900)",2.7726813
,,,,
4.15697222,0.10009276,81,"(800, 800)",2.317307387
,,,,
4.144768476,0.074603316,95,"(800, 900)",2.704690314
,,,,
4.13291629,0.101002563,81,"(800, 800)",2.251151932
,,,,
4.121892258,0.07528143,94,"(800, 900)",3.455261242
,,,,
4.109321419,0.099595614,76,"(800, 800)",2.314370385
,,,,
4.097560067,0.074232773,96,"(800, 900)",3.074638605
,,,,
4.085210424,0.100880066,82,"(800, 800)",1.213603389
,,,,
4.07252852,0.075190128,93,"(800, 900)",3.131855112
,,,,
4.058556773,0.100880066,77,"(800, 800)",1.185952276
,,,,
4.046464725,0.071059792,92,"(800, 900)",2.768973178
,,,,
4.03276924,0.095338532,82,"(800, 800)",3.007215979
,,,,
4.019716479,0.074458041,92,"(800, 900)",1.311805587
,,,,
4.007034575,0.099897849,83,"(800, 800)",2.114456194
,,,,
3.993798583,0.076012232,96,"(800, 900)",4.008821928
,,,,
3.979698038,0.101983056,75,"(800, 800)",0.565008592
,,,,
2.995166573,0.536981458,10,"(500, 500)",415.991129
,,,,
3.961225708,0.101679855,79,"(800, 800)",14.47857955
,,,,
2.996815635,0.31552227,30,"(300, 500)",394.177388
,,,,
4.386839794,0.096777356,80,"(800, 800)",21.4810137
,,,,
4.350390302,0.073473228,96,"(800, 900)",24.67890009
,,,,
4.340415324,0.097032883,82,"(800, 800)",6.065307972
,,,,
4.334920786,0.072322662,97,"(800, 900)",80.21349216
,,,,
4.319277371,0.093704512,80,"(800, 800)",4123.87552
,,,,
3.176044803,0.53471184,18,"(500, 400)",186.1326634
,,,,
4.78372151,0.747046549,9,"(500, 500)",7580.718625
,,,,
4.67535144,0.377066577,29,"(300, 500)",9.653338504
,,,,
4.661773629,0.535129041,12,"(400, 500)",4414.048978
,,,,
3.999848434,0.099352644,81,"(800, 800)",1866.930344
,,,,
3.019855752,0.263917997,54,"(300, 300)",3284.198538
,,,,
4.678761732,0.519279706,18,"(500, 400)",14908.33516
,,,,
4.071307649,0.693597731,7,"(500, 500)",54594.27841
,,,,
5.367080626,0.148171959,65,"(200, 700)",2107.622923
,,,,
7.468426299,0.727533012,7,"(500, 500)",15926.5737
,,,,
5.40600459,0.421395786,31,"(300, 500)",291.6404023
,,,,
4.832002665,0.329277767,40,"(300, 600)",1.790331569
,,,,
4.825005797,0.424672249,31,"(300, 500)",274.7777018
,,,,
4.49812628,0.523455384,19,"(500, 400)",7245.183224
,,,,
5.002400402,0.331267165,38,"(300, 600)",55.70760334
,,,,
4.97601509,0.44488365,33,"(300, 500)",38.53400638
,,,,
4.762784476,0.322780971,37,"(300, 600)",1.82420642
,,,,
4.738763164,0.421936243,30,"(300, 500)",280.9302374
,,,,
5.184751277,0.71859384,8,"(500, 500)",2512.697479
,,,,
4.388409961,0.326630678,39,"(300, 600)",3.987548128
,,,,
4.374413615,0.415437816,31,"(300, 500)",281.5090842
,,,,
4.543956171,0.570268215,12,"(500, 600)",100.2361377
,,,,
4.443574522,0.700593507,7,"(500, 500)",14644.32878
,,,,
3.855301743,0.099286425,80,"(800, 800)",2122.523131
,,,,
4.615778676,0.248063099,56,"(300, 300)",167.5840731
,,,,
4.505351271,0.467013516,18,"(500, 400)",7660.942375
,,,,
4.417777163,0.333130489,39,"(300, 600)",61.87376849
,,,,
5.065620575,0.439687306,32,"(300, 500)",277.8220768
,,,,
4.352497345,0.250685077,56,"(300, 300)",2.841886903
,,,,
4.327926518,0.542690722,19,"(500, 400)",5260.722852
,,,,
4.105410591,0.31803809,36,"(300, 600)",39.74555891
,,,,
4.214432149,0.441464645,35,"(300, 500)",2942.796052
,,,,
4.349478244,0.524656066,13,"(500, 600)",760.2105149
,,,,
4.624993376,0.547980661,19,"(500, 400)",5536.283755
,,,,
4.368057125,0.327587265,39,"(300, 600)",11.85026925
,,,,
4.349088679,0.426707652,30,"(300, 500)",70.87901172
,,,,
4.330013265,0.149674767,63,"(200, 700)",2100.678788
,,,,
4.538677567,0.819615489,9,"(500, 500)",6062.530685
,,,,
3.907564001,0.096707439,80,"(800, 800)",3638.86682
,,,,
3.720655719,0.257071875,53,"(300, 300)",24.95167082
,,,,
5.189356943,0.541778449,18,"(500, 400)",170.1197486
,,,,
2.969059523,0.302206575,38,"(300, 600)",1865.249981
,,,,
4.256922744,0.532776987,20,"(500, 400)",11802.52779
,,,,
3.34050946,0.574359763,8,"(500, 600)",3596.28381
,,,,
3.856571044,0.248373955,55,"(300, 300)",69.5855216
,,,,
3.825742714,0.48316342,23,"(500, 400)",15322.77106
,,,,
4.514404064,0.252809204,54,"(300, 300)",73.95696646
,,,,
5.569192132,0.541574979,22,"(500, 400)",6824.765844
,,,,
4.409141265,0.249403046,56,"(300, 300)",3.140337833
,,,,
4.375791491,0.542623432,19,"(500, 400)",7180.302379
,,,,
4.422347914,0.599865524,11,"(500, 600)",2294.594527
,,,,
4.158214773,0.249213623,56,"(300, 300)",5.894778916
,,,,
4.123550603,0.510794878,21,"(500, 400)",2094.440139
,,,,
4.089940808,0.564937087,13,"(500, 600)",1745.497495
,,,,
4.622234437,0.24530002,55,"(300, 300)",46.50209884
,,,,
3.993821881,0.604946852,18,"(500, 400)",11380.42202
,,,,
3.655314886,0.312282388,37,"(300, 600)",5692.564789
,,,,
2.676482043,0.546274285,17,"(500, 400)",28.65540609
,,,,
4.315243773,0.588943148,10,"(500, 600)",13238.57884
