time,current mc,min energy,most consume,queue length
1,"(0.0, 0.0)",1.0,0.0,0
101,"(0.0, 0.0)",0.9959174269999955,0.0,0
201,"(0.0, 0.0)",0.9920966719999913,0.0,0
301,"(0.0, 0.0)",0.9878730889999867,0.0,0
401,"(0.0, 0.0)",0.9839339754999824,0.0,0
501,"(0.0, 0.0)",0.9798287509999779,0.0,0
601,"(0.0, 0.0)",0.9756353699999734,0.0,0
701,"(0.0, 0.0)",0.9717239079999691,0.0,0
801,"(0.0, 0.0)",0.9676613349999648,0.0,0
901,"(0.0, 0.0)",0.9636768174999605,0.0,0
1001,"(0.0, 0.0)",0.9596293454999562,0.0,0
1101,"(0.0, 0.0)",0.9551187424999513,0.0,0
1201,"(0.0, 0.0)",0.9509582149999467,0.0,0
1301,"(0.0, 0.0)",0.9467698339999422,0.0,0
1401,"(0.0, 0.0)",0.9426719579999379,0.0,0
1501,"(0.0, 0.0)",0.9385189809999332,0.0,0
1601,"(0.0, 0.0)",0.9343885544999287,0.0,0
1701,"(0.0, 0.0)",0.9304494409999244,0.0,0
1801,"(0.0, 0.0)",0.9262511609999198,0.0,0
1901,"(0.0, 0.0)",0.9224931584999158,0.0,0
2001,"(0.0, 0.0)",0.9184608884999114,0.0,0
2101,"(0.0, 0.0)",0.9145116739999071,0.0,0
2201,"(0.0, 0.0)",0.9104189999999026,0.0,0
2301,"(0.0, 0.0)",0.9063288764998981,0.0,0
2401,"(0.0, 0.0)",0.9022108994998937,0.0,0
2501,"(0.0, 0.0)",0.8980476194998893,0.0,0
2601,"(0.0, 0.0)",0.8943121674998854,0.0,0
2701,"(0.0, 0.0)",0.8901439884998809,0.0,0
2801,"(0.0, 0.0)",0.8861042689998764,0.0,0
2901,"(0.0, 0.0)",0.8821095494998722,0.0,0
3001,"(0.0, 0.0)",0.8781175824998678,0.0,0
3101,"(0.0, 0.0)",0.8742918274998636,0.0,0
3201,"(0.0, 0.0)",0.8703701634998594,0.0,0
3301,"(0.0, 0.0)",0.8660811764998547,0.0,0
3401,"(0.0, 0.0)",0.8619179974998502,0.0,0
3501,"(0.0, 0.0)",0.8574930004998454,0.0,0
3601,"(0.0, 0.0)",0.8534000234998412,0.0,0
3701,"(0.0, 0.0)",0.8495111119998371,0.0,0
3801,"(0.0, 0.0)",0.8454586399998327,0.0,0
3901,"(0.0, 0.0)",0.8414087184998283,0.0,0
4001,"(0.0, 0.0)",0.837388998999824,0.0,0
4101,"(0.0, 0.0)",0.8333389764998197,0.0,0
4201,"(0.0, 0.0)",0.8292312014998152,0.0,0
4301,"(0.0, 0.0)",0.825178527499811,0.0,0
4401,"(0.0, 0.0)",0.8212872674998067,0.0,0
4501,"(0.0, 0.0)",0.8170585834998022,0.0,0
4601,"(0.0, 0.0)",0.8127970459997977,0.0,0
4701,"(0.0, 0.0)",0.8085080589997931,0.0,0
4801,"(0.0, 0.0)",0.8043171274997886,0.0,0
4901,"(0.0, 0.0)",0.8000331404997839,0.0,0
5001,"(0.0, 0.0)",0.7960612744997796,0.0,0
5101,"(0.0, 0.0)",0.791852792499775,0.0,0
5201,"(0.0, 0.0)",0.7874174924997704,0.0,0
5301,"(0.0, 0.0)",0.7833902224997661,0.0,0
5401,"(0.0, 0.0)",0.7793428514997617,0.0,0
5501,"(0.0, 0.0)",0.7753455814997575,0.0,0
5601,"(0.0, 0.0)",0.7713108619997531,0.0,0
5701,"(0.0, 0.0)",0.7673086929997488,0.0,0
5801,"(0.0, 0.0)",0.7631025594997444,0.0,0
5901,"(0.0, 0.0)",0.75900978449974,0.0,0
6001,"(0.0, 0.0)",0.7549524134997355,0.0,0
6101,"(0.0, 0.0)",0.7509226939997311,0.0,0
6201,"(0.0, 0.0)",0.7468274694997267,0.0,0
6301,"(0.0, 0.0)",0.7423900229997218,0.0,0
6401,"(0.0, 0.0)",0.7381386874997172,0.0,0
6501,"(0.0, 0.0)",0.7338898014997127,0.0,0
6601,"(0.0, 0.0)",0.7296233649997081,0.0,0
6701,"(0.0, 0.0)",0.7255810949997037,0.0,0
6801,"(0.0, 0.0)",0.7213928149996991,0.0,0
6901,"(0.0, 0.0)",0.7174764539996947,0.0,0
7001,"(0.0, 0.0)",0.7136705979996907,0.0,0
7101,"(0.0, 0.0)",0.7095450704996863,0.0,0
7201,"(0.0, 0.0)",0.7050445684996814,0.0,0
7301,"(0.0, 0.0)",0.7010878034996771,0.0,0
7401,"(0.0, 0.0)",0.6965168974996722,0.0,0
7501,"(0.0, 0.0)",0.6923989204996678,0.0,0
7601,"(0.0, 0.0)",0.6882280899996633,0.0,0
7701,"(0.0, 0.0)",0.6838484969996586,0.0,0
7801,"(0.0, 0.0)",0.6796022624996539,0.0,0
7901,"(0.0, 0.0)",0.6755976439996496,0.0,0
8001,"(0.0, 0.0)",0.6713011064996449,0.0,0
8101,"(0.0, 0.0)",0.6668258064996401,0.0,0
8201,"(0.0, 0.0)",0.6628766929996357,0.0,0
8301,"(0.0, 0.0)",0.6587511654996313,0.0,0
8401,"(0.0, 0.0)",0.6545101329996266,0.0,0
8501,"(0.0, 0.0)",0.6506438729996225,0.0,0
8601,"(0.0, 0.0)",0.6463120324996178,0.0,0
8701,"(0.0, 0.0)",0.6422949644996133,0.0,0
8801,"(0.0, 0.0)",0.638345749999609,0.0,0
8901,"(0.0, 0.0)",0.6341875709996045,0.0,0
9001,"(0.0, 0.0)",0.6298330789995998,0.0,0
9101,"(0.0, 0.0)",0.6255164404995951,0.0,0
9201,"(0.0, 0.0)",0.6213658119995906,0.0,0
9301,"(0.0, 0.0)",0.6173361934995861,0.0,0
9401,"(0.0, 0.0)",0.6132636204995817,0.0,0
9501,"(0.0, 0.0)",0.6091227899995775,0.0,0
9601,"(0.0, 0.0)",0.6048262524995728,0.0,0
9701,"(0.0, 0.0)",0.6006933764995682,0.0,0
9801,"(0.0, 0.0)",0.5965781519995637,0.0,0
9901,"(0.0, 0.0)",0.5924174224995592,0.0,0
10001,"(0.0, 0.0)",0.5882190414995546,0.0,0
10101,"(0.0, 0.0)",0.5840508624995501,0.0,0
10201,"(0.0, 0.0)",0.5799581884995456,0.0,0
10301,"(0.0, 0.0)",0.5760339739995415,0.0,0
10401,"(0.0, 0.0)",0.5720621079995372,0.0,0
10501,"(0.0, 0.0)",0.5678107724995326,0.0,0
10601,"(0.0, 0.0)",0.563499032999528,0.0,0
10701,"(0.0, 0.0)",0.5594642124995236,0.0,0
10801,"(0.0, 0.0)",0.5556207049995194,0.0,0
10901,"(0.0, 0.0)",0.5514349754995148,0.0,0
11001,"(0.0, 0.0)",0.5473372004995104,0.0,0
11101,"(0.0, 0.0)",0.5430833144995059,0.0,0
11201,"(0.0, 0.0)",0.5392752109995016,0.0,0
11301,"(0.0, 0.0)",0.535008774499497,0.0,0
11401,"(0.0, 0.0)",0.531301175999493,0.0,0
11501,"(0.0, 0.0)",0.5273065574994887,0.0,0
11601,"(0.0, 0.0)",0.5231157269994842,0.0,0
11701,"(0.0, 0.0)",0.5191967144994799,0.0,0
11801,"(0.0, 0.0)",0.5151869949994756,0.0,0
11901,"(0.0, 0.0)",0.5110212654994711,0.0,0
12001,"(0.0, 0.0)",0.5066365714994664,0.0,0
12101,"(0.0, 0.0)",0.5023399329994618,0.0,0
12201,"(0.0, 0.0)",0.4984562234994689,0.0,0
12301,"(0.0, 0.0)",0.4944868069994936,0.0,0
12401,"(0.0, 0.0)",0.49009456249952094,0.0,0
12501,"(0.0, 0.0)",0.4858105754995476,0.0,0
12601,"(0.0, 0.0)",0.48172035099957305,0.0,0
12701,"(0.0, 0.0)",0.4777357324995979,0.0,0
12801,"(0.0, 0.0)",0.47342154349962473,0.0,0
12901,"(0.0, 0.0)",0.46916010699965127,0.0,0
13001,"(0.0, 0.0)",0.4654573064996744,0.0,0
13101,"(0.0, 0.0)",0.46131922849970014,0.0,0
13201,"(0.0, 0.0)",0.4571963524997258,0.0,0
13301,"(0.0, 0.0)",0.45308112799975137,0.0,0
13401,"(0.0, 0.0)",0.4491419134997759,0.0,0
13501,"(0.0, 0.0)",0.4449083304998022,0.0,0
13601,"(0.0, 0.0)",0.44083330799982756,0.0,0
13701,"(0.0, 0.0)",0.4368085884998526,0.0,0
13801,"(0.0, 0.0)",0.4326958134998782,0.0,0
13901,"(0.0, 0.0)",0.4285602859999039,0.0,0
14001,"(0.0, 0.0)",0.42447016249992936,0.0,0
14101,"(0.0, 0.0)",0.4203648369999549,0.0,0
14201,"(0.0, 0.0)",0.4163501174999799,0.0,0
14301,"(0.0, 0.0)",0.41224979200000544,0.0,0
14401,"(0.0, 0.0)",0.40789530000003255,0.0,0
14501,"(0.0, 0.0)",0.4038452775000578,0.0,0
14601,"(0.0, 0.0)",0.39986586100008253,0.0,0
14701,"(0.0, 0.0)",0.3957203335001083,0.0,0
14801,"(0.0, 0.0)",0.39162500800013383,0.0,0
14901,"(0.0, 0.0)",0.38754978350015923,0.0,0
15001,"(0.0, 0.0)",0.3836230185001837,0.0,0
15101,"(0.0, 0.0)",0.3796536020002084,0.0,0
15201,"(0.0, 0.0)",0.37544001900023466,0.0,0
15301,"(0.0, 0.0)",0.37132969350026024,0.0,0
15401,"(0.0, 0.0)",0.36720936800028586,0.0,0
15501,"(0.0, 0.0)",0.3632148505003107,0.0,0
15601,"(0.0, 0.0)",0.3591800300003358,0.0,0
15701,"(0.0, 0.0)",0.35505195200036155,0.0,0
15801,"(0.0, 0.0)",0.35073511150038844,0.0,0
15901,"(0.0, 0.0)",0.34659193250041426,0.0,0
16001,"(0.0, 0.0)",0.3426879200004386,0.0,0
16101,"(0.0, 0.0)",0.33863279650046385,0.0,0
16201,"(0.0, 0.0)",0.3341551480004917,0.0,0
16301,"(0.0, 0.0)",0.3301505295005166,0.0,0
16401,"(0.0, 0.0)",0.32620876450054115,0.0,0
16501,"(0.0, 0.0)",0.32180152000056855,0.0,0
16601,"(0.0, 0.0)",0.3179354620005926,0.0,0
16701,"(0.0, 0.0)",0.3137145305006188,0.0,0
16801,"(0.0, 0.0)",0.30947839700064517,0.0,0
16901,"(0.0, 0.0)",0.3054610260006702,0.0,0
17001,"(0.0, 0.0)",0.3015747660006944,0.0,0
17101,"(0.0, 0.0)",0.2974744405007199,0.0,0
17201,"(0.0, 0.0)",0.29340962000074516,0.0,0
17301,"(0.0, 0.0)",0.2893796985007703,0.0,0
17401,"(0.0, 0.0)",0.28514101450079665,0.0,0
17501,"(0.0, 0.0)",0.28090467900082305,0.0,0
17601,"(0.0, 0.0)",0.27670629800084917,0.0,0
17701,"(0.0, 0.0)",0.27239200800087604,0.0,0
17801,"(0.0, 0.0)",0.2684779955009004,0.0,0
17901,"(0.0, 0.0)",0.26462948800092434,0.0,0
18001,"(0.0, 0.0)",0.26037835450095076,0.0,0
18101,"(0.0, 0.0)",0.25634363500097584,0.0,0
18201,"(0.0, 0.0)",0.2522911630010011,0.0,0
18301,"(0.0, 0.0)",0.24835715050101342,0.0,0
18401,"(0.0, 0.0)",0.24412866850100856,0.0,0
18501,"(0.0, 0.0)",0.24003344400100385,0.0,0
18601,"(0.0, 0.0)",0.23613728500099937,0.0,0
18701,"(0.0, 0.0)",0.23201451000099463,0.0,0
18801,"(0.0, 0.0)",0.22775062400098972,0.0,0
18901,"(0.0, 0.0)",0.22350694000098484,0.0,0
19001,"(0.0, 0.0)",0.21944936700098017,0.0,0
19101,"(0.0, 0.0)",0.21559075850097573,0.0,0
19201,"(0.0, 0.0)",0.21162154400097116,0.0,0
19301,"(0.0, 0.0)",0.2075766225009665,0.0,0
19401,"(0.0, 0.0)",0.20333038800096162,0.0,0
19501,"(37.19819737068394, 40.512888225497356)",0.19953708250095725,3.7054487146567796e-05,1
19601,"(101, 110)",0.2736389600012323,5.28535e-05,1
19701,"(101, 110)",0.27017419000123816,5.28535e-05,1
19801,"(101, 110)",0.26647490500124443,5.28535e-05,1
19901,"(101, 110)",0.26304796000125025,5.28535e-05,1
20001,"(101, 110)",0.2594243250012564,5.28535e-05,1
20101,"(101, 110)",0.2558158200012625,5.28535e-05,1
20201,"(101, 110)",0.2518290650012693,5.28535e-05,1
20301,"(101, 110)",0.24790283000126825,5.28535e-05,1
20401,"(101, 110)",0.24425650000126106,5.28535e-05,1
20501,"(101, 110)",0.2405269550012537,5.28535e-05,1
20601,"(101, 110)",0.23710001000124695,5.28535e-05,1
20701,"(101, 110)",0.2336352400012401,5.28535e-05,1
20801,"(101, 110)",0.22995865000123286,5.28535e-05,1
20901,"(101, 110)",0.22636527500122577,5.28535e-05,1
21001,"(101, 110)",0.22270381500121855,5.28535e-05,1
21101,"(101, 110)",0.21896670500121118,5.28535e-05,1
21201,"(101, 110)",0.21525985500120387,5.28535e-05,1
21301,"(101, 110)",0.21166648000119678,5.28535e-05,1
21401,"(101, 110)",0.20801258500118958,5.28535e-05,1
21501,"(101, 110)",0.20433599500118232,5.28535e-05,1
21601,"(101, 110)",0.2007728800011753,5.28535e-05,1
21701,"(107, 91)",0.5510134499966015,4.539e-05,1
21801,"(107, 91)",0.5489711999965861,4.539e-05,1
21901,"(107, 91)",0.5467543799965693,4.539e-05,1
22001,"(107, 91)",0.5446539999965534,4.539e-05,1
22101,"(107, 91)",0.5424649499965368,4.539e-05,1
22201,"(107, 91)",0.5401616899965194,4.539e-05,1
22301,"(107, 91)",0.5381447999965041,4.539e-05,1
22401,"(107, 91)",0.5359303899964873,4.539e-05,1
22501,"(107, 91)",0.5339362699964723,4.539e-05,1
22601,"(107, 91)",0.531784989996456,4.539e-05,1
22701,"(107, 91)",0.5296011199964394,4.539e-05,1
22801,"(107, 91)",0.5274853799964234,4.539e-05,1
22901,"(107, 91)",0.5254862599964083,4.539e-05,1
23001,"(107, 91)",0.523464369996393,4.539e-05,1
23101,"(107, 91)",0.5213334499963769,4.539e-05,1
23201,"(107, 91)",0.5192077099963608,4.539e-05,1
23301,"(107, 91)",0.5171526899963452,4.539e-05,1
23401,"(107, 91)",0.51515061999633,4.539e-05,1
23501,"(107, 91)",0.5130196999963139,4.539e-05,1
23601,"(107, 91)",0.5108078799962972,4.539e-05,1
23701,"(107, 91)",0.5086315999962807,4.539e-05,1
23801,"(107, 91)",0.506290929996263,4.539e-05,1
23901,"(107, 91)",0.504045979996246,4.539e-05,1
24001,"(107, 91)",0.5018872899962297,4.539e-05,1
24101,"(107, 91)",0.4998857599962154,4.539e-05,1
24201,"(107, 91)",0.4978031499962147,4.539e-05,1
24301,"(107, 91)",0.495750719996214,4.539e-05,1
24401,"(107, 91)",0.4937790099962132,4.539e-05,1
24501,"(107, 91)",0.4916203199962125,4.539e-05,1
24601,"(107, 91)",0.4895502999962118,4.539e-05,1
24701,"(107, 91)",0.487414199996211,4.539e-05,1
24801,"(107, 91)",0.4853441799962103,4.539e-05,1
24901,"(107, 91)",0.48340818999620966,4.539e-05,1
25001,"(107, 91)",0.4813478099962088,4.539e-05,1
25101,"(107, 91)",0.47936386999620817,4.539e-05,1
25201,"(107, 91)",0.4774354699962075,4.539e-05,1
25301,"(107, 91)",0.47550206999620687,4.539e-05,1
25401,"(107, 91)",0.4733587399962062,4.539e-05,1
25501,"(107, 91)",0.4712431799962055,4.539e-05,1
25601,"(107, 91)",0.46931200999620476,4.539e-05,1
25701,"(107, 91)",0.46718626999620405,4.539e-05,1
25801,"(107, 91)",0.46487541999620313,4.539e-05,1
25901,"(107, 91)",0.4627317299962023,4.539e-05,1
26001,"(107, 91)",0.46055249999620146,4.539e-05,1
26101,"(107, 91)",0.4583939899962008,4.539e-05,1
26201,"(107, 91)",0.4564531799962002,4.539e-05,1
26301,"(107, 91)",0.4542306399961992,4.539e-05,1
26401,"(107, 91)",0.4522868799961985,4.539e-05,1
26501,"(107, 91)",0.4502168599961978,4.539e-05,1
26601,"(107, 91)",0.44815701999619717,4.539e-05,1
26701,"(107, 91)",0.44612476999619644,4.539e-05,1
26801,"(107, 91)",0.44401143999619563,4.539e-05,1
26901,"(107, 91)",0.44188828999619495,4.539e-05,1
27001,"(107, 91)",0.43992416999619416,4.539e-05,1
27101,"(107, 91)",0.4378617399961935,4.539e-05,1
27201,"(107, 91)",0.43574099999619276,4.539e-05,1
27301,"(107, 91)",0.433501409996192,4.539e-05,1
27401,"(107, 91)",0.43151487999619137,4.539e-05,1
27501,"(107, 91)",0.4294370899961906,4.539e-05,1
27601,"(107, 91)",0.42742037999619004,4.539e-05,1
27701,"(107, 91)",0.42534017999618934,4.539e-05,1
27801,"(107, 91)",0.4232525699961887,4.539e-05,1
27901,"(107, 91)",0.42098261999618797,4.539e-05,1
28001,"(107, 91)",0.41890464999618715,4.539e-05,1
28101,"(107, 91)",0.4170825099961865,4.539e-05,1
28201,"(107, 91)",0.4148477399961857,4.539e-05,1
28301,"(107, 91)",0.4128815699961851,4.539e-05,1
28401,"(107, 91)",0.41086985999618447,4.539e-05,1
28501,"(107, 91)",0.4087541199961837,4.539e-05,1
28601,"(107, 91)",0.4065952499961829,4.539e-05,1
28701,"(107, 91)",0.4044493299961822,4.539e-05,1
28801,"(107, 91)",0.40228268999618133,4.539e-05,1
28901,"(107, 91)",0.4002124899961806,4.539e-05,1
29001,"(107, 91)",0.39823836999617984,4.539e-05,1
29101,"(107, 91)",0.3961911199961792,4.539e-05,1
29201,"(107, 91)",0.3942221799961785,4.539e-05,1
29301,"(107, 91)",0.3921845699961776,4.539e-05,1
29401,"(107, 91)",0.390327069996177,4.539e-05,1
29501,"(107, 91)",0.38827704999617624,4.539e-05,1
29601,"(107, 91)",0.3860754099961755,4.539e-05,1
29701,"(107, 91)",0.3840483399961748,4.539e-05,1
29801,"(107, 91)",0.3821327099961742,4.539e-05,1
29901,"(107, 91)",0.3799381199961733,4.539e-05,1
30001,"(107, 91)",0.37797917999617253,4.539e-05,1
30101,"(107, 91)",0.37590656999617184,4.539e-05,1
30201,"(107, 91)",0.373694569996171,4.539e-05,1
30301,"(107, 91)",0.37157900999617033,4.539e-05,1
30401,"(107, 91)",0.36951380999616956,4.539e-05,1
30501,"(107, 91)",0.36756986999616875,4.539e-05,1
30601,"(107, 91)",0.3653380499961681,4.539e-05,1
30701,"(107, 91)",0.36322507999616743,4.539e-05,1
30801,"(107, 91)",0.3611498799961667,4.539e-05,1
30901,"(107, 91)",0.359180939996166,4.539e-05,1
31001,"(107, 91)",0.3571610999961652,4.539e-05,1
31101,"(107, 91)",0.35514420999616453,4.539e-05,1
31201,"(107, 91)",0.35303882999616387,4.539e-05,1
31301,"(107, 91)",0.3511863299961632,4.539e-05,1
31401,"(107, 91)",0.3491947999961626,4.539e-05,1
31501,"(107, 91)",0.34705610999616177,4.539e-05,1
31601,"(107, 91)",0.3448541099961609,4.539e-05,1
31701,"(107, 91)",0.34273836999616014,4.539e-05,1
31801,"(107, 91)",0.34063539999615944,4.539e-05,1
31901,"(107, 91)",0.33855796999615884,4.539e-05,1
32001,"(107, 91)",0.33643204999615806,4.539e-05,1
32101,"(107, 91)",0.3345493699961575,4.539e-05,1
32201,"(107, 91)",0.3326259699961568,4.539e-05,1
32301,"(107, 91)",0.330472279996156,4.539e-05,1
32401,"(107, 91)",0.32821509999615534,4.539e-05,1
32501,"(107, 91)",0.3261750799961545,4.539e-05,1
32601,"(107, 91)",0.3240796999961538,4.539e-05,1
32701,"(107, 91)",0.3219969099961531,4.539e-05,1
32801,"(107, 91)",0.32005591999615246,4.539e-05,1
32901,"(107, 91)",0.31787704999615174,4.539e-05,1
33001,"(107, 91)",0.3156520999961508,4.539e-05,1
33101,"(107, 91)",0.31364761999615004,4.539e-05,1
33201,"(107, 91)",0.31163590999614943,4.539e-05,1
33301,"(107, 91)",0.30945962999614873,4.539e-05,1
33401,"(107, 91)",0.30751122999614816,4.539e-05,1
33501,"(107, 91)",0.3054003099961473,4.539e-05,1
33601,"(107, 91)",0.3032490299961465,4.539e-05,1
33701,"(107, 91)",0.3012295499961458,4.539e-05,1
33801,"(107, 91)",0.29944276999614516,4.539e-05,1
33901,"(107, 91)",0.2972661299961443,4.539e-05,1
34001,"(107, 91)",0.29525700999614374,4.539e-05,1
34101,"(107, 91)",0.293341019996143,4.539e-05,1
34201,"(107, 91)",0.2910532999961422,4.539e-05,1
34301,"(107, 91)",0.2889779199961414,4.539e-05,1
34401,"(107, 91)",0.28683663999614056,4.539e-05,1
34501,"(107, 91)",0.2846905399961398,4.539e-05,1
34601,"(107, 91)",0.2828126799961391,4.539e-05,1
34701,"(107, 91)",0.28082837999613836,4.539e-05,1
34801,"(107, 91)",0.2787913099961377,4.539e-05,1
34901,"(107, 91)",0.2765639499961368,4.539e-05,1
35001,"(107, 91)",0.274367129996136,4.539e-05,1
35101,"(107, 91)",0.27223897999613533,4.539e-05,1
35201,"(107, 91)",0.2702398599961347,4.539e-05,1
35301,"(107, 91)",0.268149479996134,4.539e-05,1
35401,"(107, 91)",0.26606409999613323,4.539e-05,1
35501,"(107, 91)",0.2641636499961326,4.539e-05,1
35601,"(107, 91)",0.2620758599961319,4.539e-05,1
35701,"(107, 91)",0.26002583999613116,4.539e-05,1
35801,"(107, 91)",0.25806448999613046,4.539e-05,1
35901,"(107, 91)",0.2560601899961298,4.539e-05,1
36001,"(107, 91)",0.2540027599961291,4.539e-05,1
36101,"(107, 91)",0.2518264799961284,4.539e-05,1
36201,"(107, 91)",0.25002710999612776,4.539e-05,1
36301,"(107, 91)",0.24802262999612734,4.539e-05,1
36401,"(107, 91)",0.2459955599961269,4.539e-05,1
36501,"(107, 91)",0.2436672999961264,4.539e-05,1
36601,"(107, 91)",0.24161486999612597,4.539e-05,1
36701,"(107, 91)",0.23969423999612555,4.539e-05,1
36801,"(107, 91)",0.23746446999612508,4.539e-05,1
36901,"(107, 91)",0.23550088999612465,4.539e-05,1
37001,"(107, 91)",0.23358007999612423,4.539e-05,1
37101,"(107, 91)",0.23163390999612382,4.539e-05,1
37201,"(107, 91)",0.22943967999612336,4.539e-05,1
37301,"(107, 91)",0.22718213999612288,4.539e-05,1
37401,"(107, 91)",0.2253220499961225,4.539e-05,1
37501,"(107, 91)",0.223186489996122,4.539e-05,1
37601,"(107, 91)",0.22097225999612152,4.539e-05,1
37701,"(107, 91)",0.2190312699961211,4.539e-05,1
37801,"(107, 91)",0.21718876999612072,4.539e-05,1
37901,"(107, 91)",0.2152983199961203,4.539e-05,1
38001,"(107, 91)",0.21318775999611986,4.539e-05,1
38101,"(107, 91)",0.21115550999611943,4.539e-05,1
38201,"(107, 91)",0.209143619996119,4.539e-05,1
38301,"(107, 91)",0.20697197999611855,4.539e-05,1
38401,"(107, 91)",0.20471497999611804,4.539e-05,1
38501,"(107, 91)",0.20255128999611757,4.539e-05,1
38601,"(107, 91)",0.20043554999611712,4.539e-05,1
38701,"(107, 91)",0.19839329999611668,4.047135294117648e-05,2
38801,"(107, 91)",0.19642694999611626,3.9483039215686275e-05,2
38901,"(107, 91)",0.19442282999611582,4.279012745098041e-05,2
39001,"(107, 91)",0.19228690999611536,4.7427676470588244e-05,2
39101,"(95, 122)",0.203612908497582,4.2001852941176476e-05,1
39201,"(95, 122)",0.20145930599758044,4.2001852941176476e-05,1
39301,"(88, 130)",0.22247834200001823,4.073615000000002e-05,1
39401,"(88, 130)",0.22048998500002065,4.073615000000002e-05,1
39501,"(88, 130)",0.21853187200002297,4.073615000000002e-05,1
39601,"(88, 130)",0.2166741250000252,4.073615000000002e-05,1
39701,"(88, 130)",0.21476872550002746,4.073615000000002e-05,1
39801,"(88, 130)",0.21274530750002987,4.073615000000002e-05,1
39901,"(88, 130)",0.21056121850003248,4.073615000000002e-05,1
40001,"(88, 130)",0.20860816650003478,4.073615000000002e-05,1
40101,"(88, 130)",0.20676301100003697,4.073615000000002e-05,1
40201,"(88, 130)",0.2046669405000394,4.073615000000002e-05,1
40301,"(88, 130)",0.2024601380000421,4.073615000000002e-05,1
40401,"(88, 130)",0.2007681230000441,4.073615000000002e-05,1
40501,"(88, 130)",0.19892808950004623,3.8863333333333175e-05,2
40601,"(88, 130)",0.19693485450004858,3.977913725490197e-05,2
40701,"(88, 130)",0.194898906000051,4.136162745098041e-05,2
40801,"(88, 130)",0.1930261590000532,3.879082352941177e-05,2
40901,"(88, 130)",0.19086972250005577,4.4910843137254914e-05,2
41001,"(83, 136)",0.21030311999702248,4.4910843137254914e-05,1
41101,"(83, 136)",0.2084061959970242,4.4910843137254914e-05,1
41201,"(83, 136)",0.20653448399702592,4.4910843137254914e-05,1
41301,"(83, 136)",0.20479186199702756,4.4910843137254914e-05,1
41401,"(83, 136)",0.20290775599702926,4.4910843137254914e-05,1
41501,"(83, 136)",0.20095174199703114,4.4910843137254914e-05,0
41601,"(115, 114)",0.21226810999754908,4.0173386259545734e-05,1
41701,"(115, 114)",0.2102512979975475,4.0173386259545734e-05,1
41801,"(115, 114)",0.20857567599754617,4.0173386259545734e-05,1
41901,"(115, 114)",0.20680906999754478,4.0173386259545734e-05,1
42001,"(115, 114)",0.20472401999754314,4.0173386259545734e-05,1
42101,"(115, 114)",0.2027754459975416,4.0173386259545734e-05,1
42201,"(115, 114)",0.20094818399754016,4.0173386259545734e-05,1
42301,"(115, 114)",0.19927256199753884,4.126310271041806e-05,2
42401,"(123, 124)",0.20776465999904564,4.1063549019607855e-05,1
42501,"(123, 124)",0.20583441999904556,4.1063549019607855e-05,1
42601,"(123, 124)",0.20403989999904548,4.1063549019607855e-05,1
42701,"(123, 124)",0.2020644199990454,4.1063549019607855e-05,1
42801,"(123, 124)",0.20016433999904532,4.1063549019607855e-05,1
42901,"(92, 104)",0.21408915600053455,4.0584356194691665e-05,1
43001,"(92, 104)",0.21199278900053584,4.0584356194691665e-05,1
43101,"(92, 104)",0.21019573500053698,4.0584356194691665e-05,1
43201,"(92, 104)",0.20848691600053804,4.0584356194691665e-05,1
43301,"(92, 104)",0.2065993720005392,4.0584356194691665e-05,1
43401,"(92, 104)",0.2047949650005403,4.0584356194691665e-05,1
43501,"(92, 104)",0.20306085200054141,4.0584356194691665e-05,1
43601,"(92, 104)",0.20127399400054252,4.0584356194691665e-05,1
43701,"(114, 84)",0.20087166999615763,4.022600932401086e-05,1
43801,"(93, 69)",0.20750375099563373,3.949633720930167e-05,1
43901,"(93, 69)",0.2056045009956342,3.949633720930167e-05,1
44001,"(93, 69)",0.2040319219956346,3.949633720930167e-05,1
44101,"(93, 69)",0.20193514999563514,3.949633720930167e-05,1
44201,"(93, 69)",0.2001346609956356,3.949633720930167e-05,0
44301,"(71, 92)",0.2026456764975813,4.208013436123526e-05,1
44401,"(71, 92)",0.20094546399758006,4.208013436123526e-05,1
44501,"(84, 97)",0.21109213799579982,4.041799586776862e-05,1
44601,"(84, 97)",0.20933029699580086,4.041799586776862e-05,1
44701,"(84, 97)",0.20757385999580186,4.041799586776862e-05,1
44801,"(84, 97)",0.20552838299580303,4.041799586776862e-05,1
44901,"(84, 97)",0.203830152995804,4.041799586776862e-05,1
45001,"(84, 97)",0.20215212499580498,4.041799586776862e-05,1
45101,"(84, 97)",0.20031207699580603,4.041799586776862e-05,1
45201,"(74, 147)",0.2040551829995738,4.0541136090229476e-05,1
45301,"(74, 147)",0.20228102599957276,4.0541136090229476e-05,1
45401,"(74, 147)",0.20058512949957177,4.0541136090229476e-05,1
45501,"(123, 78)",0.22394573500192924,4.148430279503108e-05,0
45601,"(123, 78)",0.22228517250192725,4.148430279503108e-05,0
45701,"(123, 78)",0.2206650200019253,4.148430279503108e-05,0
45801,"(123, 78)",0.2189006250019232,4.148430279503108e-05,0
45901,"(123, 78)",0.2171488325019211,4.148430279503108e-05,0
46001,"(123, 78)",0.21545786000191908,4.148430279503108e-05,0
46101,"(123, 78)",0.21375408000191704,4.148430279503108e-05,0
46201,"(123, 78)",0.21224796500191523,4.148430279503108e-05,0
46301,"(123, 78)",0.2104761725019131,4.148430279503108e-05,0
46401,"(123, 78)",0.208716777501911,4.148430279503108e-05,0
46501,"(123, 78)",0.207046420001909,4.148430279503108e-05,0
46601,"(123, 78)",0.205355652501907,4.148430279503108e-05,0
46701,"(123, 78)",0.203707487501905,4.148430279503108e-05,0
46801,"(123, 78)",0.20187967000190282,4.148430279503108e-05,0
46901,"(123, 78)",0.2000974675019007,4.148430279503108e-05,0
47001,"(90, 55)",0.20327884999557025,4.074270889944545e-05,1
47101,"(90, 55)",0.20154634599557072,4.074270889944545e-05,1
47201,"(99.67074537262647, 57.54493299279643)",0.1999401999955712,4.055046020761248e-05,1
47301,"(128, 65)",0.2307173839971853,4.055046020761248e-05,1
47401,"(128, 65)",0.22887142799718074,4.055046020761248e-05,1
47501,"(128, 65)",0.22728042249717675,4.055046020761248e-05,1
47601,"(128, 65)",0.225773015497173,4.055046020761248e-05,1
47701,"(128, 65)",0.224147178997169,4.055046020761248e-05,1
47801,"(128, 65)",0.22249325099716488,4.055046020761248e-05,1
47901,"(128, 65)",0.22082415399716074,4.055046020761248e-05,1
48001,"(128, 65)",0.2192079794971567,4.055046020761248e-05,1
48101,"(128, 65)",0.21759180499715267,4.055046020761248e-05,1
48201,"(128, 65)",0.21609956699714894,4.055046020761248e-05,1
48301,"(128, 65)",0.21443822349714484,4.055046020761248e-05,1
48401,"(128, 65)",0.21263226749714031,4.055046020761248e-05,1
48501,"(128, 65)",0.21098058599713618,4.055046020761248e-05,1
48601,"(128, 65)",0.20940991849713225,4.055046020761248e-05,1
48701,"(128, 65)",0.20760671599712777,4.055046020761248e-05,1
48801,"(128, 65)",0.20600071049712376,4.055046020761248e-05,1
48901,"(128, 65)",0.2042680149971194,4.055046020761248e-05,1
49001,"(128, 65)",0.20256841099711517,4.055046020761248e-05,1
49101,"(128, 65)",0.20078537749711073,4.055046020761248e-05,1
49201,"(102, 50)",0.21223573700054352,4.0875307062437025e-05,1
49301,"(102, 50)",0.21060740800054453,4.0875307062437025e-05,1
49401,"(102, 50)",0.20905721600054547,4.0875307062437025e-05,1
49501,"(102, 50)",0.2074187890005465,4.0875307062437025e-05,1
49601,"(102, 50)",0.20608477300054737,4.0875307062437025e-05,1
49701,"(102, 50)",0.2044865420005484,4.0875307062437025e-05,1
49801,"(102, 50)",0.20289850700054937,4.0875307062437025e-05,1
49901,"(102, 50)",0.20134057000055036,4.0875307062437025e-05,1
50001,"(74.42294163177526, 85.55989105376345)",0.19985302500055133,4.15596990464852e-05,1
50101,"(64, 99)",0.22466958349636798,4.15596990464852e-05,1
50201,"(64, 99)",0.2232839999963682,4.15596990464852e-05,1
50301,"(64, 99)",0.22171934099636842,4.15596990464852e-05,1
50401,"(64, 99)",0.22016481899636864,4.15596990464852e-05,1
50501,"(0.0, 0.0)",0.21857272849636883,4.15596990464852e-05,1
50601,"(0.0, 0.0)",0.21694238449636907,4.15596990464852e-05,0
50701,"(0.0, 0.0)",0.21539556799636927,4.15596990464852e-05,0
50801,"(0.0, 0.0)",0.2138006349963695,4.15596990464852e-05,0
50901,"(0.0, 0.0)",0.21237964049636973,4.15596990464852e-05,0
51001,"(0.0, 0.0)",0.21080768699636993,4.15596990464852e-05,0
51101,"(0.0, 0.0)",0.2094627884963701,4.15596990464852e-05,0
51201,"(0.0, 0.0)",0.2080142254963703,4.15596990464852e-05,0
51301,"(0.0, 0.0)",0.20652268299637053,4.15596990464852e-05,0
51401,"(0.0, 0.0)",0.20494545549637075,4.15596990464852e-05,0
51501,"(0.0, 0.0)",0.20336065949637097,4.15596990464852e-05,0
51601,"(0.0, 0.0)",0.20172302099637118,4.15596990464852e-05,0
51701,"(0.0, 0.0)",0.2001357934963714,4.15596990464852e-05,0
51801,"(106, 39)",0.2510761960007135,4.124419947582499e-05,1
51901,"(106, 39)",0.24965266000071928,4.124419947582499e-05,1
52001,"(106, 39)",0.24807768400071695,4.124419947582499e-05,1
52101,"(106, 39)",0.24679801600071505,4.124419947582499e-05,1
52201,"(106, 39)",0.2453517640007129,4.124419947582499e-05,1
52301,"(106, 39)",0.2436632080007104,4.124419947582499e-05,1
52401,"(106, 39)",0.24223967200070828,4.124419947582499e-05,1
52501,"(106, 39)",0.24068741200070598,4.124419947582499e-05,1
52601,"(106, 39)",0.23926387600070387,4.124419947582499e-05,1
52701,"(106, 39)",0.23784791200070177,4.124419947582499e-05,1
52801,"(106, 39)",0.23640166000069962,4.124419947582499e-05,1
52901,"(106, 39)",0.23500841200069755,4.124419947582499e-05,1
53001,"(106, 39)",0.23352430000069535,4.124419947582499e-05,1
53101,"(106, 39)",0.23203261600069314,4.124419947582499e-05,1
53201,"(106, 39)",0.23081352400069133,4.124419947582499e-05,1
53301,"(106, 39)",0.22929912400068908,4.124419947582499e-05,1
53401,"(106, 39)",0.22795130800068708,4.124419947582499e-05,1
53501,"(106, 39)",0.22639904800068478,4.124419947582499e-05,1
53601,"(106, 39)",0.2249376520006826,4.124419947582499e-05,1
53701,"(106, 39)",0.22337024800068028,4.124419947582499e-05,1
53801,"(106, 39)",0.22201486000067827,4.124419947582499e-05,1
53901,"(106, 39)",0.2206216120006762,4.124419947582499e-05,1
54001,"(106, 39)",0.21923593600067415,4.124419947582499e-05,1
54101,"(106, 39)",0.2176609600006718,4.124419947582499e-05,1
54201,"(106, 39)",0.21605569600066943,4.124419947582499e-05,1
54301,"(106, 39)",0.21451100800066714,4.124419947582499e-05,1
54401,"(106, 39)",0.21310261600066505,4.124419947582499e-05,1
54501,"(106, 39)",0.21154278400066273,4.124419947582499e-05,1
54601,"(106, 39)",0.21006624400066054,4.124419947582499e-05,1
54701,"(106, 39)",0.20859727600065836,4.124419947582499e-05,1
54801,"(106, 39)",0.2070677320006561,4.124419947582499e-05,1
54901,"(106, 39)",0.2055911920006539,4.124419947582499e-05,1
55001,"(106, 39)",0.20405407600065162,4.124419947582499e-05,1
55101,"(106, 39)",0.20259268000064945,4.124419947582499e-05,1
55201,"(106, 39)",0.2011388560006473,4.124419947582499e-05,1
55301,"(106, 39)",0.19977589600064527,4.0851622380575095e-05,2
55401,"(112, 100)",0.2093951827107827,4.0851622380575095e-05,1
55501,"(112, 100)",0.20763625971078167,4.0851622380575095e-05,1
55601,"(112, 100)",0.2057509327107806,4.0851622380575095e-05,1
55701,"(112, 100)",0.2039943342107796,4.0851622380575095e-05,1
55801,"(112, 100)",0.20204889021077846,4.0851622380575095e-05,1
55901,"(112, 100)",0.2003831107107775,4.0851622380575095e-05,1
56001,"(123, 78)",0.2134322249987264,4.222569873817439e-05,1
56101,"(123, 78)",0.21209652499872578,4.222569873817439e-05,1
56201,"(123, 78)",0.2106923124987251,4.222569873817439e-05,1
56301,"(123, 78)",0.2094714749987245,4.222569873817439e-05,1
56401,"(123, 78)",0.20813338749872387,4.222569873817439e-05,1
56501,"(123, 78)",0.20684619999872325,4.222569873817439e-05,1
56601,"(123, 78)",0.20552856249872262,4.222569873817439e-05,1
56701,"(123, 78)",0.20417308749872196,4.222569873817439e-05,1
56801,"(123, 78)",0.2027867124987213,4.222569873817439e-05,1
56901,"(123, 78)",0.20147929999872066,4.222569873817439e-05,1
57001,"(123, 78)",0.20007292499871998,4.222569873817439e-05,0
57101,"(94, 30)",0.19894830099555835,3.795055882352942e-05,2
57201,"(94, 30)",0.19759525899555877,3.977913725490197e-05,2
57301,"(94, 30)",0.19628020199555918,4.093999999999977e-05,2
57401,"(101, 79)",0.19498312999555956,4.229795098039216e-05,2
57501,"(101, 79)",0.19360249099555996,4.2095931372549034e-05,2
57601,"(125, 95)",0.1997270900019255,4.3726450980392165e-05,2
57701,"(125, 95)",0.19818056500192366,4.7479666666666686e-05,2
57801,"(125, 95)",0.1968771150019221,4.150373529411766e-05,2
57901,"(125, 95)",0.19520354000192008,4.397451960784315e-05,2
58001,"(125, 95)",0.19373543750191832,4.1505715686274516e-05,2
58101,"(125, 95)",0.1923737700019167,4.061742156862746e-05,2
58201,"(125, 95)",0.190969295001915,4.091550000000001e-05,2
58301,"(125, 95)",0.1897954975019136,3.987915686274511e-05,2
58401,"(125, 95)",0.18857327750191213,3.953106862745099e-05,2
58501,"(125, 95)",0.18724722500191054,4.22479411764706e-05,2
58601,"(125, 95)",0.18600980000190906,4.175378431372551e-05,2
58701,"(125, 95)",0.18458512000190735,4.086549019607844e-05,2
58801,"(125, 95)",0.18324865750190575,4.0371333333333344e-05,2
58901,"(125, 95)",0.18192541250190417,4.289212745098041e-05,2
59001,"(125, 95)",0.18049813000190246,4.609721568627453e-05,2
59101,"(125, 95)",0.1790402325019007,4.061742156862746e-05,2
59201,"(125, 95)",0.1776965775018991,3.93369705882353e-05,2
59301,"(125, 95)",0.17634011500189747,4.688747058823532e-05,2
59401,"(125, 95)",0.17500385750189587,4.019833333333313e-05,2
59501,"(125, 95)",0.17366499750189426,3.8566666666666515e-05,2
59601,"(125, 95)",0.17223271500189255,3.834667647058824e-05,2
59701,"(125, 95)",0.17082283000189086,4.1161588235294134e-05,2
59801,"(125, 95)",0.16945136750188922,4.5306960784313745e-05,2
59901,"(125, 95)",0.16813771250188764,3.8100588235294124e-05,2
60001,"(125, 95)",0.1666726225018859,4.224596078431374e-05,2
60101,"(125, 95)",0.16531095500188425,3.908890196078432e-05,2
60201,"(125, 95)",0.16374662250188238,4.5945205882352956e-05,2
60301,"(136, 130)",0.2028143499391276,4.10883333333331e-05,1
60401,"(136, 130)",0.20767270999565288,4.10883333333331e-05,1
60501,"(136, 130)",0.20629125349565358,4.10883333333331e-05,1
60601,"(136, 130)",0.20474682549565437,4.10883333333331e-05,1
60701,"(136, 130)",0.20353838149565498,4.10883333333331e-05,1
60801,"(136, 130)",0.2022722939956556,4.10883333333331e-05,1
60901,"(136, 130)",0.20092087849565632,4.10883333333331e-05,1
61001,"(130, 99)",0.20061140599578373,4.19792060085882e-05,1
61101,"(53, 108)",0.2374117359975581,4.556458974358976e-05,1
61201,"(53, 108)",0.23622086999755718,4.556458974358976e-05,1
61301,"(53, 108)",0.2350856599975563,4.556458974358976e-05,1
61401,"(53, 108)",0.23383913799755532,4.556458974358976e-05,1
61501,"(53, 108)",0.23251163199755429,4.556458974358976e-05,1
61601,"(53, 108)",0.23110088799755318,4.556458974358976e-05,1
61701,"(53, 108)",0.2298443659975522,4.556458974358976e-05,1
61801,"(53, 108)",0.22860284399755124,4.556458974358976e-05,1
61901,"(53, 108)",0.2273968139975503,4.556458974358976e-05,1
62001,"(53, 108)",0.2261073819975493,4.556458974358976e-05,1
62101,"(53, 108)",0.2248356959975483,4.556458974358976e-05,1
62201,"(53, 108)",0.22360433799754734,4.556458974358976e-05,1
62301,"(53, 108)",0.22232232399754634,4.556458974358976e-05,1
62401,"(53, 108)",0.2211062939975454,4.556458974358976e-05,1
62501,"(53, 108)",0.21973845999754432,4.556458974358976e-05,1
62601,"(53, 108)",0.21863083199754346,4.556458974358976e-05,1
62701,"(53, 108)",0.21745738399754255,4.556458974358976e-05,1
62801,"(53, 108)",0.21627651799754163,4.556458974358976e-05,1
62901,"(53, 108)",0.21513888999754074,4.556458974358976e-05,1
63001,"(53, 108)",0.21400609799753986,4.556458974358976e-05,1
63101,"(53, 108)",0.21269859199753885,4.556458974358976e-05,1
63201,"(53, 108)",0.2113610859975378,4.556458974358976e-05,1
63301,"(53, 108)",0.20983823342341043,4.556458974358976e-05,1
63401,"(53, 108)",0.20801863042341157,4.556458974358976e-05,1
63501,"(53, 108)",0.20610598842341274,4.556458974358976e-05,1
63601,"(53, 108)",0.20421589542341392,4.556458974358976e-05,1
63701,"(53, 108)",0.20250207642341497,4.556458974358976e-05,0
63801,"(53, 108)",0.20053384642341623,4.556458974358976e-05,0
63901,"(114, 84)",0.20266575999753103,4.0732340998936576e-05,1
64001,"(114, 84)",0.20138132799753003,4.0732340998936576e-05,1
64101,"(114, 84)",0.20024337199752915,4.0732340998936576e-05,0
64201,"(138, 109)",0.24826267150071574,4.165261896551726e-05,1
64301,"(138, 109)",0.24718121050071665,4.165261896551726e-05,1
64401,"(138, 109)",0.24590255150071774,4.165261896551726e-05,1
64501,"(138, 109)",0.24477530550071874,4.165261896551726e-05,1
64601,"(138, 109)",0.24360258850071978,4.165261896551726e-05,1
64701,"(138, 109)",0.24249565650072075,4.165261896551726e-05,1
64801,"(138, 109)",0.24137098900072174,4.165261896551726e-05,1
64901,"(138, 109)",0.24034999900072263,4.165261896551726e-05,1
65001,"(138, 109)",0.2391368110007237,4.165261896551726e-05,1
65101,"(138, 109)",0.23803745750072466,4.165261896551726e-05,1
65201,"(138, 109)",0.23687747600072567,4.165261896551726e-05,1
65301,"(138, 109)",0.23572265150072666,4.165261896551726e-05,1
65401,"(138, 109)",0.23456009150072768,4.165261896551726e-05,1
65501,"(138, 109)",0.23353652300072858,4.165261896551726e-05,1
65601,"(138, 109)",0.23232591350072965,4.165261896551726e-05,1
65701,"(138, 109)",0.23117835350073068,4.165261896551726e-05,1
65801,"(138, 109)",0.22993969450073182,4.165261896551726e-05,1
65901,"(138, 109)",0.22868134950073288,4.165261896551726e-05,1
66001,"(138, 109)",0.2277738800007337,4.165261896551726e-05,1
66101,"(138, 109)",0.22666436950073468,4.165261896551726e-05,1
66201,"(138, 109)",0.22545633850073574,4.165261896551726e-05,1
66301,"(138, 109)",0.22427104300073678,4.165261896551726e-05,1
66401,"(138, 109)",0.22301254100073786,4.165261896551726e-05,1
66501,"(138, 109)",0.22180935300073895,4.165261896551726e-05,1
66601,"(138, 109)",0.22064937150073996,4.165261896551726e-05,1
66701,"(138, 109)",0.21962064600074088,4.165261896551726e-05,1
66801,"(138, 109)",0.21857449900074177,4.165261896551726e-05,1
66901,"(138, 109)",0.21743983150074275,4.165261896551726e-05,1
67001,"(138, 109)",0.21625727150074375,4.165261896551726e-05,1
67101,"(138, 109)",0.2151101825007447,4.165261896551726e-05,1
67201,"(138, 109)",0.2138742590007458,4.165261896551726e-05,1
67301,"(138, 109)",0.2128964755007466,4.165261896551726e-05,1
67401,"(138, 109)",0.21169086600074769,4.165261896551726e-05,1
67501,"(138, 109)",0.21052299200074875,4.165261896551726e-05,1
67601,"(138, 109)",0.20946379550074973,4.165261896551726e-05,1
67701,"(138, 109)",0.20827060750075083,4.165261896551726e-05,1
67801,"(138, 109)",0.20720656800075177,4.165261896551726e-05,1
67901,"(138, 109)",0.2061475285007527,4.165261896551726e-05,1
68001,"(138, 109)",0.20495481150075373,4.165261896551726e-05,1
68101,"(138, 109)",0.2038554580007547,4.165261896551726e-05,1
68201,"(138, 109)",0.20274352600075565,4.165261896551726e-05,1
68301,"(138, 109)",0.20152307350075668,4.165261896551726e-05,1
68401,"(138, 109)",0.20044887700075764,4.165261896551726e-05,1
68501,"(138, 109)",0.19945562250075852,4.081350000000001e-05,2
68601,"(138, 109)",0.19823259150075956,4.049499999999979e-05,2
68701,"(138, 109)",0.19711534550076057,4.086549019607844e-05,2
68801,"(138, 109)",0.19585700050076163,4.116158823529413e-05,2
68901,"(138, 109)",0.19469686200076267,4.1161588235294134e-05,2
69001,"(138, 109)",0.19346867400076373,3.9604999999999815e-05,2
69101,"(138, 109)",0.19233369250076476,4.096550980392158e-05,2
69201,"(138, 109)",0.19122160350076575,4.343035294117648e-05,2
69301,"(138, 109)",0.1900261510007668,4.012524509803923e-05,2
69401,"(138, 109)",0.18895195450076777,4.1507696078431387e-05,2
69501,"(138, 109)",0.18758461800076898,3.810058823529412e-05,2
69601,"(138, 109)",0.18643979350076997,4.195184313725491e-05,2
69701,"(138, 109)",0.18524676250077105,4.111157843137256e-05,2
69801,"(138, 109)",0.18409435950077205,3.9433029411764724e-05,2
69901,"(149, 103)",0.20120200000036803,4.052136274509805e-05,1
70001,"(149, 103)",0.20014560000036852,4.052136274509805e-05,0
70101,"(80, 28)",0.20349261199620305,4.171209285714288e-05,1
70201,"(80, 28)",0.2024571659962005,4.171209285714288e-05,1
70301,"(80, 28)",0.20133858199619775,4.171209285714288e-05,1
70401,"(80, 28)",0.20028046199619515,4.171209285714288e-05,1
70501,"(80, 28)",0.1991694359961924,4.1355686274509815e-05,2
70601,"(80, 28)",0.19792236599618934,3.987717647058824e-05,2
70701,"(84, 18)",0.22793906950133067,4.130765686274511e-05,1
70801,"(84, 18)",0.22686049450132842,4.130765686274511e-05,1
70901,"(84, 18)",0.22571378600132605,4.130765686274511e-05,1
71001,"(84, 18)",0.22453430600132362,4.130765686274511e-05,1
71101,"(84, 18)",0.22346073100132138,4.130765686274511e-05,1
71201,"(84, 18)",0.22228625100131896,4.130765686274511e-05,1
71301,"(84, 18)",0.22115713300131662,4.130765686274511e-05,1
71401,"(84, 18)",0.2200861485013144,4.130765686274511e-05,1
71501,"(84, 18)",0.21890612550131192,4.130765686274511e-05,1
71601,"(84, 18)",0.21785291250130973,4.130765686274511e-05,1
71701,"(84, 18)",0.21689096650130774,4.130765686274511e-05,1
71801,"(84, 18)",0.2157742580013054,4.130765686274511e-05,1
71901,"(84, 18)",0.21467568300130313,4.130765686274511e-05,1
72001,"(84, 18)",0.2134506600013006,4.130765686274511e-05,1
72101,"(84, 18)",0.21222286550129807,4.130765686274511e-05,1
72201,"(84, 18)",0.21105579500129565,4.130765686274511e-05,1
72301,"(84, 18)",0.20998240100129342,4.130765686274511e-05,1
72401,"(84, 18)",0.2087623780012909,4.130765686274511e-05,1
72501,"(84, 18)",0.20758512650128846,4.130765686274511e-05,1
72601,"(84, 18)",0.20657245650128636,4.130765686274511e-05,1
72701,"(84, 18)",0.20553219600128422,4.130765686274511e-05,1
72801,"(84, 18)",0.20429181100128166,4.130765686274511e-05,1
72901,"(84, 18)",0.20325396000127952,4.130765686274511e-05,1
73001,"(84, 18)",0.20232219500127757,4.130765686274511e-05,1
73101,"(84, 18)",0.20114253400127513,4.130765686274511e-05,1
73201,"(84, 18)",0.200094864001273,4.130765686274511e-05,1
73301,"(84, 18)",0.199142918001271,4.1705754901960795e-05,2
73401,"(84, 18)",0.19804657150126873,3.987915686274511e-05,2
73501,"(84, 18)",0.19698335850126653,3.879082352941178e-05,2
73601,"(84, 18)",0.19587701200126423,3.8300627450980397e-05,2
73701,"(84, 18)",0.19471253200126182,3.9431049019607854e-05,2
73801,"(84, 18)",0.1937378145012598,4.007523529411766e-05,2
73901,"(84, 18)",0.1924441150012571,4.348036274509805e-05,2
74001,"(42, 105)",0.22389710746367414,4.39765283018868e-05,1
74101,"(42, 105)",0.24857482500143582,4.39765283018868e-05,1
74201,"(42, 105)",0.24751520500143367,4.39765283018868e-05,1
74301,"(42, 105)",0.24647097500143159,4.39765283018868e-05,1
74401,"(42, 105)",0.2455879150014298,4.39765283018868e-05,1
74501,"(42, 105)",0.24457881500142775,4.39765283018868e-05,1
74601,"(42, 105)",0.2435521500014257,4.39765283018868e-05,1
74701,"(42, 105)",0.24249266000142355,4.39765283018868e-05,1
74801,"(42, 105)",0.24151882000142158,4.39765283018868e-05,1
74901,"(42, 105)",0.24043933000141943,4.39765283018868e-05,1
75001,"(42, 105)",0.23949857500141755,4.39765283018868e-05,1
75101,"(42, 105)",0.23850204000141553,4.39765283018868e-05,1
75201,"(42, 105)",0.2375005050014135,4.39765283018868e-05,1
75301,"(42, 105)",0.2364561450014114,4.39765283018868e-05,1
75401,"(42, 105)",0.23543948000140935,4.39765283018868e-05,1
75501,"(42, 105)",0.2344732050014074,4.39765283018868e-05,1
75601,"(42, 105)",0.23347154000140535,4.39765283018868e-05,1
75701,"(42, 105)",0.23238922500140316,4.39765283018868e-05,1
75801,"(42, 105)",0.23145308000140125,4.39765283018868e-05,1
75901,"(42, 105)",0.23039872000139913,4.39765283018868e-05,1
76001,"(42, 105)",0.22939231500139712,4.39765283018868e-05,1
76101,"(42, 105)",0.2284513000013952,4.39765283018868e-05,1
76201,"(42, 105)",0.2272984650013929,4.39765283018868e-05,1
76301,"(42, 105)",0.22630436500139087,4.39765283018868e-05,1
76401,"(42, 105)",0.22517666000138858,4.39765283018868e-05,1
76501,"(42, 105)",0.22426847000138675,4.39765283018868e-05,1
76601,"(42, 105)",0.22324667500138468,4.39765283018868e-05,1
76701,"(42, 105)",0.2224646550013831,4.39765283018868e-05,1
76801,"(42, 105)",0.2215715950013813,4.39765283018868e-05,1
76901,"(42, 105)",0.2205876250013793,4.39765283018868e-05,1
77001,"(42, 105)",0.21960878500137732,4.39765283018868e-05,1
77101,"(42, 105)",0.21872329000137553,4.39765283018868e-05,1
77201,"(42, 105)",0.2177466250013735,4.39765283018868e-05,1
77301,"(42, 105)",0.21680817500137162,4.39765283018868e-05,1
77401,"(42, 105)",0.21580190000136962,4.39765283018868e-05,1
77501,"(42, 105)",0.21476497500136751,4.39765283018868e-05,1
77601,"(42, 105)",0.2137106150013654,4.39765283018868e-05,1
77701,"(42, 105)",0.21274716500136348,4.39765283018868e-05,1
77801,"(42, 105)",0.21169767500136136,4.39765283018868e-05,1
77901,"(42, 105)",0.21062292500135918,4.39765283018868e-05,1
78001,"(42, 105)",0.20962652000135718,4.39765283018868e-05,1
78101,"(42, 105)",0.20847112000135484,4.39765283018868e-05,1
78201,"(42, 105)",0.20727302500135245,4.39765283018868e-05,1
78301,"(42, 105)",0.20636509500135064,4.39765283018868e-05,1
78401,"(42, 105)",0.20552499000134894,4.39765283018868e-05,1
78501,"(42, 105)",0.20453345500134693,4.39765283018868e-05,1
78601,"(42, 105)",0.20360757000134505,4.39765283018868e-05,1
78701,"(42, 105)",0.202573470001343,4.39765283018868e-05,1
78801,"(42, 105)",0.20157706500134098,4.39765283018868e-05,1
78901,"(42, 105)",0.20067131000133914,4.39765283018868e-05,1
79001,"(42, 105)",0.1996672100013371,4.120239951868159e-05,2
79101,"(42, 105)",0.19860233000133493,4.2147921568627455e-05,2
79201,"(42, 105)",0.19746475500133265,4.1705754901960795e-05,2
79301,"(42, 105)",0.1963597450013304,4.007523529411766e-05,3
79401,"(42, 105)",0.19530756000132826,4.120961764705883e-05,3
79501,"(42, 105)",0.19420755000132603,4.18018137254902e-05,3
79601,"(42, 105)",0.19329705500132421,3.839668627450981e-05,3
79701,"(42, 105)",0.1920029200013216,4.1851823529411775e-05,3
79801,"(42, 105)",0.19102690500131966,4.2199911764705904e-05,3
79901,"(42, 105)",0.1900076750013176,4.111157843137256e-05,3
80001,"(42, 105)",0.18893805500131544,4.160375490196079e-05,3
80101,"(42, 105)",0.18796165000131346,4.086350980392158e-05,3
80201,"(32, 113)",0.1869830700013115,4.259008823529413e-05,2
80301,"(32, 113)",0.18610270500130974,3.706622549019608e-05,2
80401,"(32, 113)",0.18518195000130788,4.140965686274511e-05,2
80501,"(32, 113)",0.18418041500130586,3.894085294117648e-05,2
80601,"(32, 113)",0.18315592500130376,4.165574509803923e-05,2
80701,"(32, 113)",0.1821366950013017,4.333429411764707e-05,2
80801,"(32, 113)",0.18109503000129962,4.116158823529413e-05,2
80901,"(32, 113)",0.1800810600012976,4.1605735294117666e-05,2
81001,"(32, 113)",0.17901413500129545,4.219991176470589e-05,2
81101,"(32, 113)",0.17796221000129334,4.26400980392157e-05,2
81201,"(32, 113)",0.176796810001291,4.4024529411764716e-05,2
81301,"(32, 113)",0.17574962500128885,4.101353921568629e-05,2
81401,"(32, 113)",0.17476591500128688,4.012524509803923e-05,2
81501,"(32, 113)",0.1736836000012847,4.4072558823529423e-05,2
81601,"(32, 113)",0.17268463000128267,4.002522549019609e-05,2
81701,"(32, 113)",0.1717082250012807,4.0917480392156876e-05,2
81801,"(32, 113)",0.17072669000127869,3.834667647058825e-05,2
81901,"(32, 113)",0.1697428500012767,4.26400980392157e-05,2
82001,"(32, 113)",0.16879414000127477,3.97291274509804e-05,2
82101,"(32, 113)",0.1677823450012727,4.027527450980393e-05,2
82201,"(32, 113)",0.16666977000127045,3.923893137254903e-05,2
82301,"(32, 113)",0.16560245500126827,4.093999999999977e-05,2
82401,"(32, 113)",0.16458605000126625,4.3824490196078444e-05,2
82501,"(32, 113)",0.16367260000126438,4.0223284313725494e-05,2
82601,"(32, 113)",0.16271415000126246,4.0025225490196086e-05,2
82701,"(32, 113)",0.16171518000126045,4.0815480392156876e-05,2
82801,"(32, 113)",0.16077673000125856,4.224596078431374e-05,2
82901,"(32, 113)",0.15974480500125646,3.9086921568627465e-05,2
83001,"(32, 113)",0.15863749000125424,4.4072558823529423e-05,2
83101,"(32, 113)",0.157542480001252,4.4020568627450995e-05,2
83201,"(32, 113)",0.15656890000125007,4.2838156862745116e-05,2
83301,"(32, 113)",0.1555927550012481,3.767666666666653e-05,2
83401,"(32, 113)",0.1547121300012463,3.652205882352942e-05,2
83501,"(32, 113)",0.15369290000124425,4.269010784313727e-05,2
83601,"(32, 113)",0.15271649500124226,4.31342549019608e-05,2
83701,"(32, 113)",0.15172996000124025,3.7528333333333196e-05,2
83801,"(32, 113)",0.15067816500123815,4.328626470588237e-05,2
83901,"(32, 113)",0.1497724100012363,4.18018137254902e-05,2
84001,"(32, 113)",0.14889961000123456,4.017327450980393e-05,2
84101,"(32, 113)",0.1478755100012325,4.244600000000001e-05,2
84201,"(32, 113)",0.1470379700012308,4.032132352941177e-05,2
84301,"(32, 113)",0.1460538700012288,3.9633068627451e-05,2
84401,"(32, 113)",0.1450673350012268,4.115960784313727e-05,2
84501,"(32, 113)",0.14425005500122515,3.736034313725491e-05,2
84601,"(32, 113)",0.14315517500122293,4.199987254901962e-05,2
84701,"(32, 113)",0.1421436400012209,3.790649019607844e-05,2
84801,"(32, 113)",0.14118519000121899,4.21459411764706e-05,2
84901,"(32, 113)",0.14014813500121687,4.1505715686274516e-05,2
85001,"(32, 113)",0.139214815001215,3.90116666666665e-05,2
85101,"(65, 16)",0.20292276999551762,3.9308333333333155e-05,1
85201,"(65, 16)",0.2019827569955179,3.9308333333333155e-05,1
85301,"(65, 16)",0.2011159229955182,3.9308333333333155e-05,1
85401,"(65, 16)",0.20004156699551853,3.9308333333333155e-05,1
85501,"(61, 142)",0.22770268925035062,4.182946666666673e-05,1
85601,"(61, 142)",0.22641676125034796,4.182946666666673e-05,1
85701,"(61, 142)",0.22546204375034595,4.182946666666673e-05,1
85801,"(61, 142)",0.2244364212503438,4.182946666666673e-05,1
85901,"(61, 142)",0.2232239887503413,4.182946666666673e-05,1
86001,"(61, 142)",0.22223909025033925,4.182946666666673e-05,1
86101,"(61, 142)",0.2212849157503373,4.182946666666673e-05,1
86201,"(61, 142)",0.22023893125033508,4.182946666666673e-05,1
86301,"(61, 142)",0.2191203562503328,4.182946666666673e-05,1
86401,"(61, 142)",0.2181028672503307,4.182946666666673e-05,1
86501,"(61, 142)",0.2169483872503283,4.182946666666673e-05,1
86601,"(61, 142)",0.21591294575032616,4.182946666666673e-05,1
86701,"(61, 142)",0.21479696125032388,4.182946666666673e-05,1
86801,"(61, 142)",0.2137994722503218,4.182946666666673e-05,1
86901,"(61, 142)",0.21265776375031945,4.182946666666673e-05,1
87001,"(61, 142)",0.21156455075031722,4.182946666666673e-05,1
87101,"(61, 142)",0.2104480232503149,4.182946666666673e-05,1
87201,"(61, 142)",0.20936667675031262,4.182946666666673e-05,1
87301,"(61, 142)",0.20828014925031033,4.182946666666673e-05,1
87401,"(61, 142)",0.20709307875030789,4.182946666666673e-05,1
87501,"(61, 142)",0.20581696975030522,4.182946666666673e-05,1
87601,"(61, 142)",0.20475875675030303,4.182946666666673e-05,1
87701,"(61, 142)",0.20352560025030045,4.182946666666673e-05,1
87801,"(61, 142)",0.20246738725029825,4.182946666666673e-05,1
87901,"(61, 142)",0.20129790725029584,4.182946666666673e-05,1
88001,"(61, 142)",0.2002269227502936,4.182946666666673e-05,0
88101,"(74, 9)",0.24060489999710494,4.092137040583193e-05,1
88201,"(74, 9)",0.23979903799710384,4.092137040583193e-05,1
88301,"(74, 9)",0.2390511939971028,4.092137040583193e-05,1
88401,"(74, 9)",0.23821003599710167,4.092137040583193e-05,1
88501,"(74, 9)",0.23740689599710058,4.092137040583193e-05,1
88601,"(74, 9)",0.2366261819970995,4.092137040583193e-05,1
88701,"(74, 9)",0.2358053199970984,4.092137040583193e-05,1
88801,"(74, 9)",0.2350704939970974,4.092137040583193e-05,1
88901,"(74, 9)",0.23414572599709613,4.092137040583193e-05,1
89001,"(74, 9)",0.23330956799709499,4.092137040583193e-05,1
89101,"(74, 9)",0.23246068799709382,4.092137040583193e-05,1
89201,"(74, 9)",0.23144260599709243,4.092137040583193e-05,1
89301,"(74, 9)",0.2305357079970912,4.092137040583193e-05,1
89401,"(74, 9)",0.22982088199709022,4.092137040583193e-05,1
89501,"(74, 9)",0.22890640999708897,4.092137040583193e-05,1
89601,"(74, 9)",0.22801723399708776,4.092137040583193e-05,1
89701,"(74, 9)",0.22718122399708662,4.092137040583193e-05,1
89801,"(74, 9)",0.22638550999708554,4.092137040583193e-05,1
89901,"(74, 9)",0.22559979599708446,4.092137040583193e-05,1
90001,"(74, 9)",0.22479878599708336,4.092137040583193e-05,1
90101,"(74, 9)",0.2238818879970821,4.092137040583193e-05,1
90201,"(74, 9)",0.22300815599708093,4.092137040583193e-05,1
90301,"(74, 9)",0.22214155399707974,4.092137040583193e-05,1
90401,"(74, 9)",0.22134311799707865,4.092137040583193e-05,1
90501,"(74, 9)",0.22056497799707758,4.092137040583193e-05,1
